Break (Standard) : Time at Break (Standard),215.9,s,,
Break (Standard) : Load at Break (Standard),-51.77414,N,,
Break (Standard) : Extension at Break (Standard),3.59432,mm,,
Break (Standard) : Tensile strain (Strain 1) at Break (Standard),11.98106,%,,
Break (Standard) : Tensile stress at Break (Standard),-2.58974,MPa,,
Tensile strength : Time at Tensile strength,67.6,s,,
Tensile strength : Load at Tensile strength,2577.22192,N,,
Tensile strength : Extension at Tensile strength,1.1231,mm,,
Tensile strength : Tensile strain (Strain 1) at Tensile strength,3.74365,%,,
Tensile strength : Tensile stress at Tensile strength,128.91266,MPa,,
Specimen properties : Area,19.992,mm^2,,
Specimen properties : Final area,6.8272,mm^2,,
Specimen properties : Final length,32.57,mm,,
Specimen properties : Final thickness,1.36,mm,,
Specimen properties : Final width,5.02,mm,,
Specimen properties : Geometry,Rectangular,,,
Specimen properties : Length,30,mm,,
Specimen properties : Thickness,2.94,mm,,
Specimen properties : Width,6.8,mm,,
,,,,
Time,Extension,Load,Tensile strain (Extension),Tensile stress
(s),(mm),(N),(%),(MPa)
0,0,0.14887,-0.00001,0.00745
0.1,0.0001,0.47925,0.00033,0.02397
0.2,0.00041,0.89507,0.00137,0.04477
0.3,0.00109,4.45113,0.00364,0.22265
0.4,0.00086,3.2251,0.00286,0.16132
0.5,0.00137,4.9419,0.00457,0.24719
0.6,0.00472,7.73127,0.01572,0.38672
0.7,0.0081,9.54654,0.027,0.47752
0.8,0.00946,10.1756,0.03153,0.50898
0.9,0.01107,11.04048,0.03689,0.55224
1,0.0127,11.5882,0.04232,0.57964
1.1,0.01444,12.47419,0.04814,0.62396
1.2,0.01629,13.68122,0.0543,0.68433
1.3,0.01794,14.86546,0.05979,0.74357
1.4,0.01952,16.11745,0.06506,0.80619
1.5,0.02113,17.60724,0.07043,0.88071
1.6,0.02289,19.68611,0.0763,0.9847
1.7,0.02466,22.1745,0.08221,1.10917
1.8,0.02624,24.88782,0.08748,1.24489
1.9,0.02781,28.03733,0.09269,1.40243
2,0.02947,32.13874,0.09824,1.60758
2.1,0.03113,36.82275,0.10376,1.84187
2.2,0.03288,42.34723,0.1096,2.11821
2.3,0.03447,47.12391,0.11489,2.35714
2.4,0.03604,51.42755,0.12013,2.57241
2.5,0.03776,55.79613,0.12586,2.79092
2.6,0.03945,59.65065,0.13151,2.98373
2.7,0.04126,63.79953,0.13752,3.19125
2.8,0.04279,67.5144,0.14262,3.37707
2.9,0.04435,71.84267,0.14783,3.59357
3,0.04615,77.48886,0.15384,3.87599
3.1,0.04783,83.64397,0.15943,4.18387
3.2,0.04957,91.98935,0.16522,4.60131
3.3,0.0511,102.69797,0.17033,5.13695
3.4,0.05271,117.58715,0.1757,5.88171
3.5,0.05453,136.64099,0.18176,6.83478
3.6,0.05633,156.52821,0.18777,7.82954
3.7,0.05792,174.28278,0.19305,8.71763
3.8,0.05935,190.8642,0.19783,9.54703
3.9,0.06105,210.70802,0.20349,10.53962
4,0.06287,232.40813,0.20957,11.62506
4.1,0.0647,254.02417,0.21566,12.70629
4.2,0.06635,273.21588,0.22118,13.66626
4.3,0.06772,289.07449,0.22573,14.45951
4.4,0.06942,309.8588,0.23142,15.49914
4.5,0.07133,333.45987,0.23775,16.67966
4.6,0.07308,354.76559,0.24362,17.74538
4.7,0.0746,372.76443,0.24868,18.64568
4.8,0.07603,390.20236,0.25343,19.51793
4.9,0.07769,410.9559,0.25896,20.55602
5,0.07958,434.88126,0.26526,21.75276
5.1,0.08127,455.80011,0.2709,22.79912
5.2,0.08281,474.66309,0.27602,23.74265
5.3,0.08425,492.33908,0.28084,24.6268
5.4,0.08588,513.0686,0.28626,25.66369
5.5,0.08786,538.37866,0.29288,26.9297
5.6,0.08969,561.42676,0.29896,28.08257
5.7,0.09118,579.33759,0.30393,28.97847
5.8,0.09261,597.18506,0.30871,29.8712
5.9,0.0943,618.38965,0.31433,30.93185
6,0.09634,644.87854,0.32112,32.25683
6.1,0.09814,667.11401,0.32715,33.36905
6.2,0.09954,682.979,0.33179,34.16261
6.3,0.10101,699.8183,0.33669,35.00492
6.4,0.10273,719.92902,0.34242,36.01085
6.5,0.10462,743.34802,0.34875,37.18227
6.6,0.10642,765.1311,0.35474,38.27186
6.7,0.10784,781.00909,0.35946,39.06608
6.8,0.10931,798.17139,0.36438,39.92454
6.9,0.11102,818.8078,0.37007,40.95677
7,0.11311,844.59186,0.37702,42.24649
7.1,0.11482,863.66052,0.38273,43.20031
7.2,0.11623,868.30267,0.38745,43.43251
7.3,0.11774,884.79401,0.39245,44.2574
7.4,0.11944,905.8075,0.39814,45.3085
7.5,0.12138,929.80621,0.40461,46.50891
7.6,0.1231,949.83362,0.41033,47.51068
7.7,0.12454,965.83441,0.41515,48.31104
7.8,0.12605,982.93378,0.42016,49.16636
7.9,0.12765,1001.25531,0.42549,50.0828
8,0.1295,1023.40869,0.43167,51.19091
8.1,0.1313,1036.39465,0.43768,51.84047
8.2,0.13281,1050.51843,0.44269,52.54694
8.3,0.13435,1067.81274,0.44784,53.412
8.4,0.13597,1086.59558,0.45322,54.35152
8.5,0.13789,1109.48499,0.45963,55.49644
8.6,0.13968,1129.62317,0.4656,56.50376
8.7,0.14119,1145.58252,0.47062,57.30204
8.8,0.14275,1157.77844,0.47582,57.91209
8.9,0.14438,1172.59326,0.48128,58.65312
9,0.14628,1194.29004,0.48759,59.7384
9.1,0.14803,1213.59802,0.49344,60.70418
9.2,0.14953,1229.297,0.49844,61.48944
9.3,0.15112,1245.90491,0.50373,62.32017
9.4,0.15271,1257.87476,0.50904,62.9189
9.5,0.15457,1277.34546,0.51524,63.89283
9.6,0.15633,1295.9436,0.52109,64.8231
9.7,0.15788,1311.50928,0.52626,65.6017
9.8,0.15953,1327.78882,0.53177,66.41601
9.9,0.16113,1341.34314,0.53709,67.09399
10,0.16292,1359.81897,0.54306,68.01815
10.1,0.16465,1377.33093,0.54882,68.8941
10.2,0.16619,1391.48608,0.55397,69.60214
10.3,0.16786,1407.2644,0.55952,70.39137
10.4,0.16944,1422.13245,0.5648,71.13507
10.5,0.17114,1438.86267,0.57048,71.97192
10.6,0.17288,1455.44238,0.57626,72.80124
10.7,0.17451,1470.03333,0.58169,73.53107
10.8,0.1762,1486.17639,0.58732,74.33855
10.9,0.17775,1500.07593,0.5925,75.03381
11,0.17942,1516.02747,0.59808,75.8317
11.1,0.18111,1531.38525,0.6037,76.5999
11.2,0.18277,1546.41321,0.60923,77.3516
11.3,0.18452,1562.58289,0.61506,78.16041
11.4,0.1861,1576.7041,0.62034,78.86675
11.5,0.18774,1591.42444,0.6258,79.60306
11.6,0.18946,1607.04761,0.63153,80.38453
11.7,0.1912,1622.4425,0.63732,81.15459
11.8,0.19296,1638.35767,0.64321,81.95066
11.9,0.19456,1651.53406,0.64853,82.60974
12,0.19613,1664.92224,0.65376,83.27942
12.1,0.19779,1679.32141,0.65929,83.99966
12.2,0.19954,1694.80798,0.66515,84.77431
12.3,0.20137,1710.51978,0.67123,85.56021
12.4,0.20295,1722.87305,0.67651,86.17812
12.5,0.20441,1734.04126,0.68136,86.73676
12.6,0.20609,1748.97461,0.68697,87.48372
12.7,0.20792,1764.59961,0.69306,88.26528
12.8,0.20974,1779.59277,0.69912,89.01524
12.9,0.2113,1791.34753,0.70432,89.60322
13,0.21273,1801.91467,0.70911,90.13178
13.1,0.21445,1816.81787,0.71483,90.87724
13.2,0.21625,1831.32593,0.72083,91.60294
13.3,0.21804,1845.40613,0.72679,92.30723
13.4,0.21959,1856.21887,0.73195,92.84808
13.5,0.221,1866.07092,0.73668,93.34088
13.6,0.22268,1879.69763,0.74226,94.02249
13.7,0.22454,1894.91211,0.74848,94.78352
13.8,0.2264,1908.99207,0.75467,95.48779
13.9,0.22795,1918.77332,0.75982,95.97705
14,0.22931,1927.61963,0.76436,96.41955
14.1,0.23097,1940.95557,0.7699,97.08661
14.2,0.23282,1955.36182,0.77607,97.80721
14.3,0.23468,1968.88953,0.78227,98.48386
14.4,0.23625,1978.49072,0.78749,98.96412
14.5,0.2376,1986.28625,0.792,99.35405
14.6,0.23928,1999.58997,0.7976,100.0195
14.7,0.24122,2014.35315,0.80407,100.75796
14.8,0.24311,2026.77673,0.81038,101.37939
14.9,0.24463,2034.87012,0.81543,101.78422
15,0.24602,2043.16602,0.82008,102.19918
15.1,0.24766,2054.62134,0.82554,102.77217
15.2,0.24952,2067.9585,0.83173,103.4393
15.3,0.25145,2080.40967,0.83817,104.0621
15.4,0.25293,2087.46289,0.84308,104.41491
15.5,0.25434,2095.1311,0.84779,104.79847
15.6,0.256,2106.65503,0.85333,105.3749
15.7,0.25795,2119.86499,0.85982,106.03566
15.8,0.25975,2130.10059,0.86584,106.54765
15.9,0.26127,2137.07104,0.87088,106.89631
16,0.26265,2143.83984,0.87549,107.23489
16.1,0.26433,2154.98438,0.88111,107.79234
16.2,0.26626,2167.24707,0.88755,108.40572
16.3,0.26799,2175.55884,0.89331,108.82146
16.4,0.2695,2182.40112,0.89832,109.16372
16.5,0.27101,2189.86548,0.90337,109.53709
16.6,0.27268,2199.56812,0.90892,110.02242
16.7,0.27455,2210.45044,0.91518,110.56674
16.8,0.27633,2218.8623,0.9211,110.98751
16.9,0.2778,2224.67285,0.92602,111.27815
17,0.27934,2232.01416,0.93115,111.64536
17.1,0.28093,2240.01099,0.93642,112.04536
17.2,0.28285,2251.05859,0.94282,112.59797
17.3,0.2846,2258.34863,0.94868,112.96262
17.4,0.28611,2263.76904,0.9537,113.23374
17.5,0.28775,2271.69507,0.95916,113.6302
17.6,0.28938,2279.04175,0.96461,113.99768
17.7,0.29125,2288.53735,0.97085,114.47266
17.8,0.29298,2294.53003,0.9766,114.77241
17.9,0.29452,2299.85913,0.98172,115.03897
18,0.29618,2307.27026,0.98728,115.40968
18.1,0.29785,2313.96826,0.99283,115.74471
18.2,0.29963,2321.84058,0.99877,116.13848
18.3,0.30129,2327.05225,1.00429,116.39917
18.4,0.30286,2332.33765,1.00955,116.66354
18.5,0.30453,2339.17871,1.01509,117.00574
18.6,0.30614,2344.677,1.02046,117.28076
18.7,0.3079,2351.74121,1.02632,117.63411
18.8,0.30957,2356.74121,1.0319,117.88421
18.9,0.3112,2361.82568,1.03733,118.13853
19,0.3129,2368.02344,1.04301,118.44855
19.1,0.31451,2372.75708,1.04835,118.68533
19.2,0.31626,2379.25952,1.05421,119.01057
19.3,0.3179,2383.20312,1.05965,119.20783
19.4,0.31948,2387.92358,1.06495,119.44395
19.5,0.32122,2393.83081,1.07074,119.73943
19.6,0.32281,2397.61108,1.07605,119.92852
19.7,0.32447,2402.63696,1.08158,120.17992
19.8,0.32614,2407.40283,1.08712,120.4183
19.9,0.32781,2412.22681,1.09269,120.6596
20,0.32959,2417.30762,1.09863,120.91374
20.1,0.33118,2420.3562,1.10393,121.06623
20.2,0.33278,2424.354,1.10925,121.2662
20.3,0.33442,2428.79321,1.11474,121.48825
20.4,0.33612,2433.51489,1.1204,121.72443
20.5,0.33789,2437.96533,1.12629,121.94704
20.6,0.33958,2441.30371,1.13193,122.11403
20.7,0.34113,2443.83447,1.13709,122.24062
20.8,0.34276,2447.72534,1.14252,122.43523
20.9,0.34447,2452.39453,1.14824,122.66879
21,0.34633,2457.48828,1.15445,122.92358
21.1,0.34797,2459.27197,1.15991,123.0128
21.2,0.34944,2461.02734,1.16481,123.1006
21.3,0.35113,2465.4624,1.17042,123.32245
21.4,0.35284,2469.13013,1.17613,123.50591
21.5,0.35465,2473.46606,1.18215,123.72279
21.6,0.35634,2475.87573,1.1878,123.84332
21.7,0.35775,2476.28198,1.19251,123.86364
21.8,0.35939,2480.64136,1.19797,124.0817
21.9,0.36115,2484.80371,1.20384,124.28989
22,0.36298,2488.73413,1.20995,124.4865
22.1,0.36468,2490.12427,1.21558,124.55603
22.2,0.36604,2490.06885,1.22014,124.55326
22.3,0.36765,2494.05176,1.22551,124.75249
22.4,0.36955,2499.65796,1.23185,125.03291
22.5,0.37131,2501.62476,1.23772,125.13129
22.6,0.37296,2503.04883,1.2432,125.20252
22.7,0.3743,2502.62329,1.24768,125.18124
22.8,0.37592,2506.7915,1.25308,125.38972
22.9,0.37774,2511.33789,1.25913,125.61713
23,0.37961,2514.8999,1.26536,125.79531
23.1,0.38126,2515.48608,1.27088,125.82463
23.2,0.38266,2515.08765,1.27552,125.8047
23.3,0.38427,2518.63843,1.2809,125.98231
23.4,0.38618,2523.68091,1.28728,126.23454
23.5,0.38805,2526.08667,1.29351,126.35487
23.6,0.38965,2526.05981,1.29882,126.35353
23.7,0.39102,2525.58374,1.30338,126.32971
23.8,0.39268,2529.66211,1.30895,126.53371
23.9,0.39458,2534.33276,1.31526,126.76734
24,0.39645,2536.52637,1.3215,126.87707
24.1,0.398,2535.80493,1.32666,126.84098
24.2,0.39938,2535.62305,1.33127,126.83188
24.3,0.40102,2539.37524,1.33672,127.01957
24.4,0.40296,2544.32007,1.3432,127.26691
24.5,0.40476,2545.42676,1.3492,127.32227
24.6,0.40628,2544.68604,1.35426,127.28521
24.7,0.40776,2545.12402,1.35921,127.30712
24.8,0.40937,2547.77661,1.36458,127.4398
24.9,0.41131,2552.52466,1.37102,127.6773
25,0.4131,2553.53369,1.377,127.72778
25.1,0.4146,2552.72559,1.38201,127.68735
25.2,0.41609,2553.39673,1.38698,127.72092
25.3,0.41771,2556.23608,1.39237,127.86295
25.4,0.41962,2560.72046,1.39872,128.08725
25.5,0.42136,2561.35278,1.40453,128.11888
25.6,0.42282,2560.4978,1.4094,128.07611
25.7,0.42437,2562.3064,1.41455,128.16658
25.8,0.42595,2564.0625,1.41982,128.25443
25.9,0.42782,2568.57275,1.42605,128.48003
26,0.42964,2569.82568,1.43214,128.54269
26.1,0.43118,2569.19043,1.43725,128.51093
26.2,0.43278,2570.54468,1.44259,128.57866
26.3,0.43441,2572.12158,1.44802,128.65753
26.4,0.43624,2575.1582,1.45412,128.80943
26.5,0.43801,2576.12402,1.46004,128.85774
26.6,0.43947,2574.95972,1.4649,128.7995
26.7,0.44106,2576.79736,1.4702,128.89142
26.8,0.44275,2578.97998,1.47584,129.0006
26.9,0.44454,2581.48413,1.48179,129.12585
27,0.4463,2582.70679,1.48766,129.18701
27.1,0.44787,2582.34644,1.49291,129.16899
27.2,0.44954,2582.78394,1.49848,129.19087
27.3,0.45116,2580.33057,1.50386,129.06815
27.4,0.45289,2583.64014,1.50965,129.2337
27.5,0.45463,2586.16772,1.51542,129.36012
27.6,0.45617,2586.84766,1.52058,129.39413
27.7,0.45782,2588.81885,1.52608,129.49274
27.8,0.45947,2590.14233,1.53156,129.55893
27.9,0.46116,2592.25269,1.53719,129.66449
28,0.46285,2593.64331,1.54285,129.73405
28.1,0.46444,2593.58276,1.54815,129.73103
28.2,0.4662,2596.26709,1.55402,129.8653
28.3,0.46784,2596.27075,1.55947,129.86548
28.4,0.46942,2597.03198,1.56472,129.90355
28.5,0.47109,2598.46484,1.57031,129.97523
28.6,0.47272,2599.30298,1.57573,130.01715
28.7,0.47444,2601.3418,1.58145,130.11914
28.8,0.47614,2602.15991,1.58715,130.16005
28.9,0.47776,2602.7124,1.59254,130.1877
29,0.47946,2604.19971,1.5982,130.26208
29.1,0.4811,2604.55151,1.60368,130.27968
29.2,0.48292,2607.2019,1.60974,130.41226
29.3,0.48464,2607.28564,1.61547,130.41644
29.4,0.48614,2606.6228,1.62046,130.38329
29.5,0.48779,2607.98682,1.62598,130.45152
29.6,0.48952,2609.90527,1.63172,130.54749
29.7,0.49127,2611.21045,1.63757,130.61276
29.8,0.49303,2612.24072,1.64344,130.66429
29.9,0.49445,2610.24707,1.64818,130.56458
30,0.49608,2612.06836,1.6536,130.65567
30.1,0.49793,2615.11084,1.65976,130.80786
30.2,0.49972,2616.3501,1.66574,130.86984
30.3,0.50141,2616.15356,1.67136,130.86002
30.4,0.50277,2613.56641,1.6759,130.73061
30.5,0.50435,2615.67627,1.68118,130.83615
30.6,0.50626,2619.77222,1.68752,131.04103
30.7,0.50809,2620.50708,1.69362,131.07777
30.8,0.50971,2619.43945,1.69904,131.02438
30.9,0.51105,2614.13184,1.70351,130.7589
31,0.51263,2614.32886,1.70878,130.76875
31.1,0.51449,2619.8103,1.71498,131.04292
31.2,0.51644,2623.48096,1.72146,131.22653
31.3,0.51802,2622.12231,1.72673,131.15857
31.4,0.5193,2619.62964,1.73101,131.03389
31.5,0.52089,2622.74438,1.7363,131.1897
31.6,0.52279,2627.03906,1.74264,131.40451
31.7,0.5247,2628.65845,1.74901,131.48552
31.8,0.52628,2626.85547,1.75425,131.39532
31.9,0.52766,2625.01978,1.75887,131.30351
32,0.52926,2626.86401,1.7642,131.39575
32.1,0.53113,2630.63794,1.77044,131.58453
32.2,0.5331,2632.78027,1.777,131.69168
32.3,0.53464,2629.91919,1.78215,131.54857
32.4,0.536,2627.68384,1.78665,131.43677
32.5,0.53755,2629.8064,1.79183,131.54294
32.6,0.5395,2634.38281,1.79832,131.77185
32.7,0.54148,2635.95483,1.80494,131.85048
32.8,0.54301,2633.17065,1.81005,131.71121
32.9,0.54442,2631.38794,1.81475,131.62204
33,0.54598,2632.97583,1.81992,131.70146
33.1,0.54791,2637.41333,1.82636,131.92343
33.2,0.54983,2638.50732,1.83276,131.97815
33.3,0.5513,2635.58228,1.83766,131.83185
33.4,0.55275,2634.67871,1.8425,131.78665
33.5,0.55429,2636.00073,1.84762,131.85277
33.6,0.55616,2640.0105,1.85388,132.05334
33.7,0.5581,2641.39111,1.86032,132.12241
33.8,0.5596,2638.61035,1.86534,131.98331
33.9,0.56108,2638.23315,1.87025,131.96445
34,0.56261,2638.73633,1.87536,131.98961
34.1,0.56448,2642.61157,1.88159,132.18344
34.2,0.56637,2643.89209,1.8879,132.2475
34.3,0.56785,2641.01807,1.89283,132.10374
34.4,0.56937,2641.30933,1.89791,132.11832
34.5,0.57098,2642.18018,1.90328,132.16187
34.6,0.57274,2644.46729,1.90914,132.27628
34.7,0.57467,2646.65112,1.91556,132.38551
34.8,0.57617,2643.88989,1.92058,132.24739
34.9,0.57776,2644.33472,1.92585,132.26964
35,0.57935,2644.75732,1.93116,132.29077
35.1,0.58116,2647.44556,1.9372,132.42525
35.2,0.58297,2647.7605,1.94323,132.44099
35.3,0.58449,2646.40332,1.94831,132.37311
35.4,0.58616,2647.50195,1.95387,132.42807
35.5,0.58784,2647.9707,1.95945,132.45151
35.6,0.58951,2648.9231,1.96502,132.49915
35.7,0.59138,2650.74585,1.97128,132.59033
35.8,0.59292,2648.52246,1.9764,132.47911
35.9,0.59452,2649.06152,1.98174,132.50607
36,0.59618,2649.63403,1.98726,132.53471
36.1,0.59787,2650.60376,1.99288,132.58322
36.2,0.59966,2652.01001,1.99888,132.65356
36.3,0.60126,2650.86499,2.00419,132.59628
36.4,0.60291,2651.27734,2.00969,132.61691
36.5,0.60456,2651.35156,2.01521,132.62062
36.6,0.60617,2651.87305,2.02056,132.64671
36.7,0.6079,2653.14307,2.02635,132.71024
36.8,0.60949,2652.63232,2.03162,132.68469
36.9,0.61118,2653.60254,2.03726,132.73322
37,0.61289,2654.31592,2.04297,132.76891
37.1,0.61441,2653.16187,2.04804,132.71117
37.2,0.61606,2654.09399,2.05352,132.7578
37.3,0.61776,2655.22241,2.05921,132.81424
37.4,0.61951,2656.4541,2.06502,132.87585
37.5,0.62123,2656.177,2.07076,132.86198
37.6,0.62273,2654.53369,2.07575,132.77979
37.7,0.6244,2656.0791,2.08132,132.8571
37.8,0.62614,2657.32178,2.08713,132.91925
37.9,0.62788,2657.41821,2.09294,132.92407
38,0.62963,2652.3938,2.09878,132.67276
38.1,0.63104,2650.38037,2.10348,132.57204
38.2,0.63262,2653.62012,2.10875,132.7341
38.3,0.63448,2658.16333,2.11495,132.96135
38.4,0.6363,2659.54907,2.12101,133.03065
38.5,0.63806,2659.85645,2.12688,133.04604
38.6,0.63946,2656.95898,2.13155,132.90111
38.7,0.64104,2657.83008,2.1368,132.94467
38.8,0.64286,2660.552,2.14285,133.08083
38.9,0.64464,2661.14331,2.14879,133.11041
39,0.64633,2660.50806,2.15443,133.07863
39.1,0.64775,2658.33716,2.15918,132.97005
39.2,0.64934,2659.44312,2.16446,133.02536
39.3,0.65115,2661.78516,2.17051,133.14252
39.4,0.65302,2663.2478,2.17673,133.21567
39.5,0.65475,2662.48779,2.1825,133.17766
39.6,0.65608,2658.75928,2.18695,132.99115
39.7,0.6576,2659.45288,2.19199,133.02585
39.8,0.6595,2663.51855,2.19834,133.22922
39.9,0.66135,2664.24634,2.2045,133.26562
40,0.66295,2662.60498,2.20985,133.18352
40.1,0.66432,2659.78638,2.21441,133.04253
40.2,0.66586,2660.76099,2.21952,133.09128
40.3,0.66774,2664.86377,2.22581,133.29651
40.4,0.66966,2665.94653,2.23219,133.35066
40.5,0.67138,2664.41772,2.23794,133.27419
40.6,0.67269,2660.64819,2.2423,133.08565
40.7,0.67423,2661.88281,2.24744,133.1474
40.8,0.67616,2665.71997,2.25385,133.33932
40.9,0.67808,2666.94995,2.26027,133.40085
41,0.67964,2663.9873,2.26546,133.25266
41.1,0.68105,2661.76587,2.27016,133.14154
41.2,0.68258,2662.58325,2.27526,133.18243
41.3,0.6845,2666.62305,2.28168,133.38451
41.4,0.6865,2668.42554,2.28835,133.47467
41.5,0.68807,2664.72485,2.29358,133.28955
41.6,0.68943,2661.98682,2.29808,133.1526
41.7,0.69095,2662.95728,2.30315,133.20114
41.8,0.6929,2667.73193,2.30968,133.43997
41.9,0.69491,2668.81567,2.31637,133.49417
42,0.69638,2664.46826,2.32125,133.27672
42.1,0.69777,2662.88672,2.32591,133.19762
42.2,0.69931,2663.79297,2.33105,133.24294
42.3,0.70124,2667.71753,2.33745,133.43925
42.4,0.70312,2668.37378,2.34372,133.47208
42.5,0.70464,2665.47485,2.34881,133.32707
42.6,0.70617,2664.86548,2.35391,133.29659
42.7,0.70766,2664.6311,2.35887,133.28487
42.8,0.7095,2667.76904,2.36499,133.44182
42.9,0.71136,2668.84741,2.37121,133.49576
43,0.7129,2666.09741,2.37633,133.35822
43.1,0.71438,2665.05322,2.38125,133.30598
43.2,0.71591,2665.13135,2.38637,133.30989
43.3,0.71773,2668.00513,2.39242,133.45363
43.4,0.71967,2670.0752,2.3989,133.55717
43.5,0.72125,2667.10669,2.40418,133.40869
43.6,0.72283,2666.26831,2.40945,133.36676
43.7,0.72439,2665.70557,2.41463,133.33861
43.8,0.72613,2668.12378,2.42045,133.45956
43.9,0.72797,2669.16895,2.42658,133.51184
44,0.72949,2666.5813,2.43165,133.38242
44.1,0.73111,2666.7998,2.43703,133.39334
44.2,0.73275,2666.92847,2.44249,133.39978
44.3,0.7345,2668.677,2.44834,133.48724
44.4,0.73634,2669.30811,2.45445,133.51881
44.5,0.73792,2667.33252,2.45974,133.41998
44.6,0.73955,2667.09595,2.46516,133.40816
44.7,0.74119,2667.24292,2.47063,133.41551
44.8,0.74284,2667.57422,2.47612,133.43208
44.9,0.74464,2668.97314,2.48214,133.50206
45,0.74623,2667.46704,2.48744,133.42671
45.1,0.74786,2667.48901,2.49288,133.42781
45.2,0.74953,2667.42212,2.49844,133.42447
45.3,0.75111,2667.03394,2.50371,133.40506
45.4,0.7529,2668.87671,2.50965,133.49722
45.5,0.75456,2668.01831,2.51518,133.4543
45.6,0.75622,2667.85059,2.52072,133.44591
45.7,0.75788,2667.59424,2.52628,133.43307
45.8,0.75939,2666.6687,2.53131,133.38678
45.9,0.7611,2667.99292,2.53699,133.45302
46,0.76277,2668.09399,2.54256,133.45808
46.1,0.76444,2668.00757,2.54812,133.45375
46.2,0.7662,2668.74609,2.55399,133.49069
46.3,0.76776,2667.16479,2.55921,133.41161
46.4,0.76942,2667.66968,2.56473,133.43686
46.5,0.77114,2668.35083,2.57047,133.47093
46.6,0.77291,2668.92261,2.57638,133.49953
46.7,0.77462,2668.36035,2.58208,133.47141
46.8,0.7761,2665.88403,2.58701,133.34753
46.9,0.77777,2667.09619,2.59257,133.40817
47,0.77947,2667.32422,2.59824,133.41957
47.1,0.78128,2668.87939,2.60428,133.49736
47.2,0.78302,2668.11597,2.61007,133.45918
47.3,0.78451,2665.74683,2.61504,133.34067
47.4,0.7861,2665.84961,2.62034,133.34581
47.5,0.78787,2667.58398,2.62624,133.43257
47.6,0.78964,2668.25269,2.63214,133.46602
47.7,0.79144,2668.53101,2.63812,133.47993
47.8,0.79285,2664.53809,2.64284,133.28021
47.9,0.79434,2664.54614,2.64781,133.28061
48,0.7962,2667.89233,2.65399,133.448
48.1,0.79807,2668.54712,2.66024,133.48074
48.2,0.79977,2667.15796,2.66591,133.41125
48.3,0.80114,2663.52002,2.67048,133.22929
48.4,0.80266,2663.9856,2.67552,133.25258
48.5,0.80447,2666.76636,2.68157,133.39168
48.6,0.80627,2667.68896,2.68755,133.43782
48.7,0.80801,2666.8894,2.69338,133.39783
48.8,0.80943,2663.51367,2.6981,133.22897
48.9,0.81089,2663.25342,2.70295,133.21596
49,0.81272,2666.67261,2.70906,133.38698
49.1,0.8146,2667.72583,2.71533,133.43967
49.2,0.81631,2666.30493,2.72103,133.36859
49.3,0.81778,2663.29053,2.72592,133.2178
49.4,0.81925,2662.89941,2.73083,133.19824
49.5,0.82109,2666.0498,2.73698,133.35583
49.6,0.82301,2667.20215,2.74337,133.41347
49.7,0.82465,2664.81934,2.74884,133.29428
49.8,0.82607,2661.8584,2.75358,133.14618
49.9,0.82758,2662.05811,2.75859,133.15616
50,0.82944,2665.49316,2.76478,133.32799
50.1,0.83139,2666.7439,2.77129,133.39055
50.2,0.83301,2664.13965,2.7767,133.26028
50.3,0.83448,2661.52783,2.78161,133.12964
50.4,0.83597,2661.06543,2.78658,133.10651
50.5,0.83782,2664.48828,2.79272,133.27773
50.6,0.83975,2665.71582,2.79917,133.33913
50.7,0.84135,2662.69922,2.80452,133.18823
50.8,0.84282,2660.62549,2.80941,133.0845
50.9,0.84434,2660.22485,2.81447,133.06447
51,0.84622,2663.50781,2.82073,133.22868
51.1,0.84807,2663.91602,2.8269,133.2491
51.2,0.84961,2661.06641,2.83205,133.10655
51.3,0.85111,2659.73779,2.83703,133.0401
51.4,0.85267,2659.84692,2.84223,133.04556
51.5,0.8544,2661.59473,2.84801,133.13298
51.6,0.85626,2662.96045,2.85421,133.20129
51.7,0.85787,2660.49756,2.85957,133.07811
51.8,0.85936,2659.03052,2.86455,133.00473
51.9,0.86099,2659.66138,2.86996,133.03629
52,0.86275,2661.07935,2.87583,133.10721
52.1,0.86459,2661.80249,2.88197,133.14337
52.2,0.86624,2660.1377,2.88746,133.0601
52.3,0.86778,2658.18018,2.89261,132.96219
52.4,0.86941,2657.91919,2.89805,132.94914
52.5,0.87117,2659.43945,2.9039,133.02518
52.6,0.87298,2660.00928,2.90993,133.05368
52.7,0.87455,2657.84692,2.91517,132.94553
52.8,0.87613,2657.06616,2.92042,132.90646
52.9,0.87783,2657.85645,2.9261,132.946
53,0.87952,2658.06958,2.93175,132.95667
53.1,0.88133,2658.61816,2.93777,132.9841
53.2,0.88287,2655.94897,2.9429,132.85059
53.3,0.88451,2655.87573,2.94836,132.84692
53.4,0.88619,2656.01465,2.95397,132.85387
53.5,0.88786,2656.15015,2.95954,132.86064
53.6,0.88962,2656.51538,2.96541,132.87892
53.7,0.89124,2654.89697,2.9708,132.79796
53.8,0.89289,2654.47119,2.97631,132.77667
53.9,0.89463,2655.16406,2.98211,132.81133
54,0.89624,2653.71924,2.98746,132.73906
54.1,0.89791,2653.70581,2.99304,132.73839
54.2,0.89951,2653.13452,2.99836,132.70981
54.3,0.90117,2653.2627,3.00391,132.71622
54.4,0.90287,2653.11377,3.00956,132.70877
54.5,0.90445,2652.06128,3.01485,132.65613
54.6,0.90609,2651.70825,3.02028,132.63846
54.7,0.90773,2651.95679,3.02575,132.65089
54.8,0.90946,2652.11768,3.03153,132.65895
54.9,0.91125,2652.71313,3.03751,132.68874
55,0.91283,2650.30981,3.04276,132.56851
55.1,0.91447,2650.21631,3.04823,132.56384
55.2,0.91612,2649.75049,3.05372,132.54054
55.3,0.91789,2650.20679,3.05963,132.56335
55.4,0.91961,2649.72266,3.06538,132.53914
55.5,0.92114,2647.59717,3.07046,132.43283
55.6,0.92271,2647.19067,3.0757,132.41249
55.7,0.92439,2647.99902,3.08132,132.45293
55.8,0.92623,2649.24976,3.08742,132.51549
55.9,0.92806,2649.11475,3.09353,132.50874
56,0.92954,2645.02832,3.09848,132.30434
56.1,0.93106,2644.61621,3.10355,132.28372
56.2,0.93276,2645.73462,3.10919,132.33966
56.3,0.93459,2647.05737,3.11531,132.40582
56.4,0.93637,2646.3562,3.12124,132.37076
56.5,0.93791,2643.3894,3.12637,132.22235
56.6,0.93941,2641.97241,3.13137,132.15147
56.7,0.94115,2643.5752,3.13716,132.23164
56.8,0.94298,2644.41284,3.14325,132.27354
56.9,0.94469,2643.44775,3.14897,132.22528
57,0.94618,2640.52441,3.15393,132.07906
57.1,0.94771,2640.11182,3.15902,132.05841
57.2,0.94944,2641.57227,3.1648,132.13145
57.3,0.95121,2641.83862,3.17069,132.14479
57.4,0.95297,2641.25586,3.17658,132.11563
57.5,0.95448,2638.04712,3.18158,131.95514
57.6,0.9559,2636.52466,3.18632,131.87898
57.7,0.95766,2639.04321,3.19219,132.00496
57.8,0.95958,2640.78101,3.1986,132.09189
57.9,0.96139,2639.31592,3.20462,132.0186
58,0.96281,2634.8396,3.20935,131.79469
58.1,0.96428,2634.22681,3.21426,131.76404
58.2,0.96611,2636.87817,3.22036,131.89667
58.3,0.96801,2637.76929,3.22669,131.94124
58.4,0.96971,2635.5105,3.23238,131.82825
58.5,0.97116,2632.29858,3.2372,131.66759
58.6,0.97261,2631.2876,3.24204,131.61702
58.7,0.9744,2634.21118,3.248,131.76326
58.8,0.97633,2635.70483,3.25442,131.83797
58.9,0.97812,2633.729,3.2604,131.73914
59,0.97953,2629.1228,3.26509,131.50874
59.1,0.98094,2627.94678,3.2698,131.44992
59.2,0.98278,2631.68091,3.27593,131.6367
59.3,0.98473,2632.84229,3.28242,131.69479
59.4,0.98645,2629.94922,3.28817,131.55008
59.5,0.98787,2626.22876,3.29289,131.36398
59.6,0.98938,2625.75635,3.29794,131.34035
59.7,0.99117,2628.4375,3.3039,131.47446
59.8,0.99304,2629.2312,3.31012,131.51416
59.9,0.99471,2626.72046,3.31571,131.38858
60,0.99622,2624.32007,3.32074,131.26851
60.1,0.99768,2622.90015,3.3256,131.19748
60.2,0.99938,2624.55078,3.33127,131.28004
60.3,1.00124,2626.18164,3.33747,131.36162
60.4,1.00294,2623.87891,3.34313,131.24644
60.5,1.00445,2621.58594,3.34817,131.13174
60.6,1.00597,2620.70874,3.35324,131.08788
60.7,1.00769,2622.13818,3.35897,131.15936
60.8,1.0096,2623.62573,3.36534,131.23378
60.9,1.0113,2621.11865,3.371,131.10837
61,1.01286,2618.50391,3.37621,130.97758
61.1,1.01442,2617.53931,3.38141,130.92934
61.2,1.01609,2618.45728,3.38695,130.97525
61.3,1.01793,2619.6106,3.39311,131.03294
61.4,1.01957,2617.2605,3.39855,130.91539
61.5,1.02113,2615.55664,3.40376,130.83015
61.6,1.02279,2615.92407,3.4093,130.84854
61.7,1.02448,2615.70728,3.41492,130.83769
61.8,1.02628,2616.28003,3.42092,130.86635
61.9,1.02791,2614.09937,3.42636,130.75726
62,1.02955,2613.26245,3.43184,130.71541
62.1,1.03122,2612.69995,3.43741,130.68727
62.2,1.03281,2611.66479,3.44272,130.63548
62.3,1.03463,2612.71216,3.44876,130.68788
62.4,1.03626,2610.44141,3.45421,130.5743
62.5,1.03786,2609.35645,3.45953,130.52002
62.6,1.03953,2609.27588,3.4651,130.51599
62.7,1.04113,2608.47632,3.47042,130.476
62.8,1.04288,2609.10107,3.47628,130.50725
62.9,1.0445,2607.10522,3.48167,130.40742
63,1.04614,2606.7854,3.48715,130.39142
63.1,1.04792,2607.33496,3.49307,130.41891
63.2,1.04948,2604.84058,3.49828,130.29414
63.3,1.05108,2604.42798,3.5036,130.2735
63.4,1.05276,2604.34692,3.50918,130.26945
63.5,1.05443,2604.16943,3.51477,130.26057
63.6,1.05622,2604.521,3.52073,130.27815
63.7,1.0578,2601.7417,3.52601,130.13913
63.8,1.05941,2601.0708,3.53135,130.10558
63.9,1.0611,2601.18213,3.53701,130.11115
64,1.06278,2600.65894,3.54259,130.08498
64.1,1.06461,2601.36255,3.5487,130.12018
64.2,1.06619,2598.18652,3.55397,129.9613
64.3,1.06773,2597.05396,3.55911,129.90466
64.4,1.06944,2598.03394,3.56481,129.95367
64.5,1.07121,2598.43799,3.57069,129.97389
64.6,1.07303,2597.95483,3.57675,129.94972
64.7,1.07456,2594.3728,3.58185,129.77054
64.8,1.07607,2593.20093,3.58689,129.71193
64.9,1.07779,2594.64868,3.59265,129.78435
65,1.07964,2595.44946,3.59878,129.8244
65.1,1.0814,2594.08472,3.60465,129.75613
65.2,1.08294,2590.81885,3.60979,129.59277
65.3,1.08439,2589.05396,3.61462,129.5045
65.4,1.0861,2590.99707,3.62034,129.60168
65.5,1.08794,2592.05615,3.62647,129.65466
65.6,1.08975,2591.50464,3.6325,129.62708
65.7,1.09125,2587.26831,3.63748,129.41518
65.8,1.09263,2585.48486,3.64211,129.32597
65.9,1.09433,2587.70728,3.64777,129.43713
66,1.09626,2589.7998,3.65419,129.54181
66.1,1.09806,2588.01733,3.6602,129.45264
66.2,1.09951,2583.51245,3.66504,129.22731
66.3,1.10091,2581.93091,3.6697,129.14819
66.4,1.10265,2584.66846,3.6755,129.28513
66.5,1.10459,2586.70532,3.68195,129.38702
66.6,1.1064,2584.76782,3.688,129.2901
66.7,1.10788,2580.33472,3.69295,129.06836
66.8,1.10929,2578.42529,3.69764,128.97285
66.9,1.11102,2581.19897,3.70339,129.11159
67,1.11289,2582.46777,3.70964,129.17505
67.1,1.11474,2581.67212,3.7158,129.13525
67.2,1.11627,2577.51611,3.72089,128.92737
67.3,1.11764,2575.0061,3.72546,128.80182
67.4,1.11936,2577.80396,3.7312,128.94177
67.5,1.12135,2580.07935,3.73782,129.05559
67.6,1.1231,2577.22192,3.74365,128.91266
67.7,1.12456,2573.93018,3.74854,128.748
67.8,1.126,2572.24731,3.75333,128.66383
67.9,1.12774,2574.75146,3.75913,128.78908
68,1.12971,2576.44922,3.76569,128.87401
68.1,1.13143,2573.59229,3.77143,128.73111
68.2,1.13292,2570.10571,3.77639,128.5567
68.3,1.1343,2568.37549,3.781,128.47015
68.4,1.13606,2571.48804,3.78688,128.62585
68.5,1.13801,2573.33716,3.79338,128.71834
68.6,1.1397,2570.2229,3.79901,128.56256
68.7,1.14113,2566.75854,3.80378,128.38928
68.8,1.14266,2566.55786,3.80888,128.37924
68.9,1.14431,2567.39648,3.81438,128.42119
69,1.14621,2569.36938,3.82071,128.51987
69.1,1.14792,2566.93896,3.82641,128.3983
69.2,1.14944,2564.47998,3.83148,128.2753
69.3,1.15102,2564.03955,3.83674,128.25328
69.4,1.15269,2564.21167,3.84229,128.26189
69.5,1.15457,2565.75464,3.84855,128.33907
69.6,1.15631,2563.64917,3.85436,128.23375
69.7,1.1578,2560.58569,3.85934,128.08052
69.8,1.15939,2560.54224,3.86462,128.07834
69.9,1.16104,2561.17041,3.87012,128.10976
70,1.1629,2562.30347,3.87633,128.16644
70.1,1.16461,2560.34692,3.88205,128.06857
70.2,1.16617,2558.01587,3.88725,127.95197
70.3,1.16788,2558.54248,3.89292,127.97831
70.4,1.16947,2557.23584,3.89822,127.91296
70.5,1.17129,2558.6062,3.9043,127.9815
70.6,1.17295,2556.43628,3.90983,127.87296
70.7,1.17452,2555.01416,3.91505,127.80183
70.8,1.17625,2555.48706,3.92082,127.82548
70.9,1.17782,2553.79492,3.92608,127.74084
71,1.17958,2554.47412,3.93194,127.77481
71.1,1.18129,2553.44092,3.93762,127.72313
71.2,1.18292,2552.41943,3.94308,127.67204
71.3,1.18464,2552.13184,3.94879,127.65765
71.4,1.18619,2550.39282,3.95397,127.57066
71.5,1.18786,2550.37012,3.95952,127.56953
71.6,1.1895,2549.82812,3.96501,127.54242
71.7,1.19112,2548.91235,3.97039,127.49661
71.8,1.19286,2549.26392,3.9762,127.5142
71.9,1.19443,2547.27051,3.98145,127.41449
72,1.19607,2547.17871,3.9869,127.4099
72.1,1.19774,2546.7251,3.99247,127.38721
72.2,1.19946,2546.8833,3.99821,127.39512
72.3,1.20132,2547.36646,4.00439,127.41929
72.4,1.20288,2543.59277,4.00961,127.23053
72.5,1.20442,2542.81079,4.01474,127.19141
72.6,1.20609,2543.22266,4.0203,127.21201
72.7,1.20782,2543.41724,4.02607,127.22175
72.8,1.20958,2543.20996,4.03195,127.21138
72.9,1.21121,2541.03296,4.03738,127.10249
73,1.2127,2539.14551,4.04232,127.00807
73.1,1.21437,2539.99927,4.04788,127.05078
73.2,1.2162,2541.53296,4.054,127.12749
73.3,1.2181,2541.11768,4.06033,127.10672
73.4,1.2196,2536.58472,4.06532,126.87998
73.5,1.22105,2535.27026,4.07018,126.81423
73.6,1.22277,2537.34717,4.07591,126.91812
73.7,1.22457,2537.62012,4.08188,126.93178
73.8,1.22643,2537.27271,4.08809,126.9144
73.9,1.228,2533.89355,4.09334,126.74537
74,1.2294,2531.39868,4.098,126.62057
74.1,1.23106,2533.41895,4.10354,126.72163
74.2,1.23291,2534.99194,4.1097,126.80032
74.3,1.23478,2534.69751,4.11593,126.78558
74.4,1.23628,2530.41626,4.12094,126.57144
74.5,1.23762,2527.84912,4.12539,126.44303
74.6,1.23929,2530.4043,4.13098,126.57084
74.7,1.24119,2532.27417,4.13729,126.66437
74.8,1.243,2531.20923,4.14333,126.6111
74.9,1.24455,2527.71313,4.1485,126.43623
75,1.24588,2524.77148,4.15293,126.28909
75.1,1.24758,2527.5249,4.15859,126.42681
75.2,1.24952,2529.77808,4.16507,126.53951
75.3,1.25145,2528.62061,4.17149,126.48162
75.4,1.25298,2523.77686,4.17661,126.23933
75.5,1.25425,2520.53711,4.18082,126.07729
75.6,1.25591,2523.68188,4.18638,126.23458
75.7,1.25793,2527.12695,4.1931,126.40691
75.8,1.25976,2524.69434,4.19919,126.28522
75.9,1.26127,2521.02344,4.20422,126.10161
76,1.26262,2518.27393,4.20873,125.96408
76.1,1.26434,2521.53931,4.21447,126.12741
76.2,1.26634,2524.04541,4.22115,126.25277
76.3,1.26817,2521.59399,4.22723,126.13015
76.4,1.26966,2517.51392,4.23219,125.92606
76.5,1.27102,2515.17578,4.23673,125.80911
76.6,1.2727,2518.04688,4.24233,125.95272
76.7,1.27472,2520.94873,4.24906,126.09787
76.8,1.27652,2518.31226,4.25506,125.966
76.9,1.27791,2513.88281,4.2597,125.74444
77,1.27942,2513.47046,4.26472,125.72381
77.1,1.28104,2514.97192,4.27014,125.79891
77.2,1.283,2517.36304,4.27666,125.91852
77.3,1.28479,2514.94971,4.28262,125.7978
77.4,1.28623,2511.29956,4.28745,125.61522
77.5,1.28774,2510.50952,4.29245,125.57571
77.6,1.28931,2511.21997,4.2977,125.61124
77.7,1.29123,2514.19629,4.30411,125.76012
77.8,1.29301,2511.94092,4.31003,125.6473
77.9,1.29447,2508.6272,4.31491,125.48155
78,1.29604,2508.23413,4.32014,125.46189
78.1,1.29765,2508.25903,4.32549,125.46313
78.2,1.29957,2510.48413,4.33191,125.57443
78.3,1.30134,2508.68994,4.3378,125.48469
78.4,1.3028,2505.177,4.34268,125.30897
78.5,1.30444,2506.17627,4.34812,125.35896
78.6,1.30604,2505.75488,4.35347,125.33788
78.7,1.30786,2506.84546,4.35953,125.39243
78.8,1.30961,2505.72925,4.36537,125.33659
78.9,1.31117,2503.38257,4.37058,125.21922
79,1.31283,2503.31689,4.37611,125.21593
79.1,1.31444,2502.41821,4.38147,125.17097
79.2,1.31621,2503.28882,4.38736,125.21452
79.3,1.31795,2502.27441,4.39316,125.16378
79.4,1.31956,2500.5647,4.39854,125.07826
79.5,1.32126,2500.80615,4.4042,125.09034
79.6,1.3229,2499.25659,4.40967,125.01283
79.7,1.32459,2499.43628,4.41531,125.02182
79.8,1.32629,2498.521,4.42095,124.97604
79.9,1.32786,2497.40405,4.42619,124.92017
80,1.32954,2497.98755,4.43181,124.94936
80.1,1.33119,2496.96558,4.4373,124.89823
80.2,1.33277,2495.89038,4.44256,124.84445
80.3,1.33444,2495.96289,4.44813,124.84808
80.4,1.33612,2495.60107,4.45375,124.82998
80.5,1.33787,2495.79126,4.45956,124.83949
80.6,1.33958,2494.28076,4.46526,124.76394
80.7,1.34106,2491.94653,4.47021,124.64718
80.8,1.34272,2492.51489,4.47574,124.67561
80.9,1.34441,2492.62842,4.48137,124.68129
81,1.34622,2492.99805,4.48741,124.69978
81.1,1.34791,2490.96704,4.49304,124.59819
81.2,1.34939,2488.56836,4.49797,124.4782
81.3,1.35104,2489.5603,4.50348,124.52782
81.4,1.35281,2490.38623,4.50936,124.56914
81.5,1.3546,2490.1355,4.51534,124.55659
81.6,1.35631,2488.2771,4.52104,124.46364
81.7,1.35776,2485.2312,4.52586,124.31128
81.8,1.35937,2486.23145,4.53124,124.36131
81.9,1.36118,2487.53589,4.53725,124.42656
82,1.36301,2487.5332,4.54336,124.42643
82.1,1.36468,2484.96484,4.54895,124.29796
82.2,1.36606,2481.35693,4.55352,124.11749
82.3,1.36772,2483.5437,4.55907,124.22688
82.4,1.36962,2485.21387,4.56541,124.31042
82.5,1.37142,2484.15894,4.5714,124.25764
82.6,1.3731,2481.76953,4.577,124.13813
82.7,1.37444,2478.20044,4.58146,123.9596
82.8,1.37604,2479.90259,4.5868,124.04475
82.9,1.3779,2482.39795,4.59301,124.16956
83,1.37973,2481.65381,4.5991,124.13234
83.1,1.38132,2478.28003,4.6044,123.96358
83.2,1.38268,2475.58179,4.60893,123.82862
83.3,1.38427,2477.07715,4.61425,123.90341
83.4,1.38614,2479.61133,4.62046,124.03017
83.5,1.388,2478.90503,4.62666,123.99484
83.6,1.38962,2475.77832,4.63208,123.83845
83.7,1.391,2472.85913,4.63668,123.69243
83.8,1.3926,2473.94995,4.642,123.74699
83.9,1.39453,2476.75928,4.64845,123.88751
84,1.39639,2475.76416,4.65462,123.83774
84.1,1.39796,2472.39307,4.65985,123.66912
84.2,1.39933,2469.67114,4.66442,123.53297
84.3,1.40096,2471.5354,4.66985,123.62622
84.4,1.40284,2473.92139,4.67614,123.74557
84.5,1.40474,2473.40918,4.68246,123.71994
84.6,1.40628,2469.20288,4.68761,123.50954
84.7,1.40771,2467.09668,4.69236,123.40419
84.8,1.40929,2468.21313,4.69763,123.46004
84.9,1.41121,2471.20264,4.70402,123.60957
85,1.41306,2469.90381,4.71019,123.5446
85.1,1.41455,2466.09497,4.71516,123.35409
85.2,1.41598,2464.28979,4.71995,123.26379
85.3,1.41763,2466.03491,4.72543,123.35108
85.4,1.41962,2468.875,4.73207,123.49314
85.5,1.42147,2466.78955,4.73824,123.38883
85.6,1.42295,2462.84204,4.74316,123.19138
85.7,1.42437,2461.09009,4.74789,123.10374
85.8,1.426,2463.46265,4.75335,123.22242
85.9,1.42791,2465.52124,4.75971,123.32539
86,1.42968,2463.71021,4.76559,123.2348
86.1,1.43116,2460.10254,4.77052,123.05434
86.2,1.43267,2459.52539,4.77558,123.02547
86.3,1.43428,2460.11011,4.78093,123.05473
86.4,1.43617,2462.56348,4.78723,123.17744
86.5,1.43797,2460.68213,4.79323,123.08334
86.6,1.43946,2457.23657,4.79821,122.91099
86.7,1.44105,2457.17261,4.80351,122.90779
86.8,1.44272,2457.61133,4.80905,122.92973
86.9,1.44455,2458.63208,4.81517,122.98079
87,1.44629,2457.10474,4.82098,122.9044
87.1,1.44777,2454.47485,4.8259,122.77285
87.2,1.4494,2454.73779,4.83135,122.786
87.3,1.45103,2454.83447,4.83676,122.79084
87.4,1.45288,2456.35596,4.84295,122.86694
87.5,1.45462,2454.72241,4.84875,122.78523
87.6,1.45613,2451.97095,4.85376,122.64761
87.7,1.45779,2452.63306,4.85932,122.68073
87.8,1.45948,2452.30444,4.86492,122.66428
87.9,1.46126,2453.00781,4.87087,122.69947
88,1.46298,2451.50586,4.87661,122.62434
88.1,1.46451,2449.10742,4.88172,122.50437
88.2,1.46623,2449.9458,4.88745,122.5463
88.3,1.46787,2448.86011,4.89291,122.492
88.4,1.46965,2449.55103,4.89882,122.52656
88.5,1.47135,2448.44287,4.90451,122.47113
88.6,1.47287,2446.31104,4.90956,122.36449
88.7,1.47457,2447.4104,4.91523,122.41949
88.8,1.47619,2446.13672,4.92063,122.35577
88.9,1.47785,2446.05444,4.92616,122.35166
89,1.47952,2445.58032,4.93173,122.32794
89.1,1.48113,2444.62378,4.9371,122.2801
89.2,1.48281,2444.4248,4.9427,122.27014
89.3,1.4845,2443.99072,4.94832,122.24843
89.4,1.48616,2443.22681,4.95386,122.21022
89.5,1.48778,2442.01001,4.95927,122.14935
89.6,1.48945,2441.89941,4.96483,122.14382
89.7,1.49126,2442.65234,4.97086,122.18149
89.8,1.49291,2440.3999,4.97636,122.06882
89.9,1.49447,2438.97412,4.98156,121.99751
90,1.49608,2438.95483,4.98693,121.99654
90.1,1.49778,2439.4165,4.99259,122.01963
90.2,1.49958,2440.12891,4.9986,122.05527
90.3,1.50128,2438.25586,5.00425,121.96157
90.4,1.50276,2436.02368,5.00921,121.84992
90.5,1.50438,2436.41748,5.01461,121.86962
90.6,1.50616,2437.5,5.02054,121.92377
90.7,1.50798,2437.34741,5.02659,121.91613
90.8,1.50965,2435.15796,5.03215,121.80662
90.9,1.51108,2432.33765,5.03693,121.66554
91,1.51274,2433.50659,5.04246,121.72401
91.1,1.51452,2434.35229,5.04841,121.76632
91.2,1.51642,2434.84839,5.05472,121.79113
91.3,1.51808,2432.11841,5.06028,121.65458
91.4,1.51943,2428.6626,5.06476,121.48172
91.5,1.52104,2430.2937,5.07014,121.56331
91.6,1.52284,2431.84448,5.07615,121.64088
91.7,1.52468,2432.08447,5.08225,121.65288
91.8,1.52631,2429.49341,5.0877,121.52328
91.9,1.52767,2426.18311,5.09224,121.3577
92,1.52927,2427.63745,5.09756,121.43044
92.1,1.53113,2429.90747,5.10377,121.54399
92.2,1.53294,2428.93604,5.10981,121.4954
92.3,1.5346,2426.56323,5.11535,121.37671
92.4,1.53599,2423.12207,5.11997,121.20458
92.5,1.53758,2424.48535,5.12527,121.27277
92.6,1.53945,2426.86597,5.1315,121.39185
92.7,1.54138,2426.9458,5.13794,121.39584
92.8,1.54297,2423.04102,5.14324,121.20053
92.9,1.54431,2420.05298,5.14771,121.05106
93,1.54593,2421.85718,5.1531,121.14131
93.1,1.54787,2424.78589,5.15956,121.2878
93.2,1.54972,2423.59985,5.16575,121.22848
93.3,1.55131,2420.27051,5.17103,121.06194
93.4,1.55269,2417.54712,5.17565,120.92572
93.5,1.55433,2419.43945,5.18109,121.02038
93.6,1.55625,2421.87354,5.18749,121.14213
93.7,1.55813,2420.77197,5.19376,121.08703
93.8,1.5597,2417.03223,5.19901,120.89997
93.9,1.56108,2414.36719,5.20361,120.76666
94,1.56274,2416.77075,5.20914,120.88689
94.1,1.56473,2419.22119,5.21576,121.00946
94.2,1.5665,2417.18506,5.22166,120.90762
94.3,1.56797,2413.39111,5.22656,120.71784
94.4,1.5694,2412.19897,5.23135,120.65821
94.5,1.57103,2413.86304,5.23678,120.74145
94.6,1.5729,2415.88354,5.243,120.84251
94.7,1.5747,2414.65088,5.249,120.78085
94.8,1.57624,2411.59033,5.25413,120.62776
94.9,1.57775,2410.57715,5.25916,120.57709
95,1.57934,2410.70728,5.26446,120.5836
95.1,1.58121,2413.11914,5.27071,120.70424
95.2,1.58296,2411.63403,5.27655,120.62995
95.3,1.58451,2408.36108,5.28169,120.46624
95.4,1.58602,2407.30151,5.28675,120.41324
95.5,1.58765,2408.14453,5.29218,120.45541
95.6,1.58952,2410.06421,5.2984,120.55143
95.7,1.59128,2408.65063,5.30428,120.48072
95.8,1.59284,2406.05811,5.30945,120.35104
95.9,1.59444,2405.66406,5.31479,120.33133
96,1.59603,2405.38672,5.32011,120.31746
96.1,1.59786,2407.02954,5.32621,120.39964
96.2,1.5996,2405.59106,5.332,120.32768
96.3,1.60114,2403.21436,5.33714,120.2088
96.4,1.60278,2403.58228,5.34261,120.2272
96.5,1.60442,2402.89209,5.34807,120.19268
96.6,1.60621,2403.98999,5.35404,120.2476
96.7,1.60797,2402.78052,5.3599,120.1871
96.8,1.60956,2400.57495,5.36519,120.07677
96.9,1.6113,2401.41406,5.37102,120.11874
97,1.61289,2399.38037,5.3763,120.01702
97.1,1.61456,2399.94116,5.38188,120.04507
97.2,1.61624,2399.39771,5.38747,120.01789
97.3,1.61787,2398.41333,5.39292,119.96865
97.4,1.61952,2398.04614,5.39841,119.95029
97.5,1.62113,2397.01709,5.40376,119.89881
97.6,1.6228,2397.18823,5.40933,119.90737
97.7,1.62447,2396.62769,5.41491,119.87933
97.8,1.62611,2395.66382,5.42038,119.83112
97.9,1.62788,2396.18335,5.42628,119.85711
98,1.6295,2394.35034,5.43167,119.76542
98.1,1.63112,2393.54102,5.43707,119.72494
98.2,1.63276,2393.11499,5.44255,119.70363
98.3,1.63443,2392.53125,5.4481,119.67443
98.4,1.63621,2393.64551,5.45405,119.73016
98.5,1.63783,2391.54126,5.45944,119.62491
98.6,1.63937,2390.16162,5.46457,119.5559
98.7,1.64103,2390.74902,5.47011,119.58528
98.8,1.64277,2390.96851,5.47589,119.59626
98.9,1.64461,2391.55811,5.48204,119.62576
99,1.64628,2388.90747,5.48761,119.49316
99.1,1.6478,2387.40845,5.49267,119.41818
99.2,1.64941,2387.39478,5.49803,119.4175
99.3,1.65115,2388.20337,5.50384,119.45795
99.4,1.65298,2388.61938,5.50995,119.47876
99.5,1.65471,2386.70605,5.51569,119.38305
99.6,1.65616,2383.57373,5.52053,119.22637
99.7,1.65778,2384.26318,5.52595,119.26086
99.8,1.65958,2385.54712,5.53192,119.32508
99.9,1.66138,2385.2771,5.53792,119.31158
100,1.66307,2383.67505,5.54355,119.23145
100.1,1.66444,2380.10156,5.54814,119.0527
100.2,1.66606,2381.375,5.55352,119.11639
100.3,1.66784,2382.74634,5.55947,119.18499
100.4,1.66969,2383.18286,5.56565,119.20683
100.5,1.67133,2380.27271,5.57111,119.06126
100.6,1.67272,2377.31812,5.57572,118.91347
100.7,1.6743,2378.44165,5.58098,118.96967
100.8,1.67611,2380.26538,5.58703,119.06089
100.9,1.67804,2381.06372,5.59346,119.10082
101,1.6797,2377.42554,5.59901,118.91884
101.1,1.68106,2373.92285,5.60352,118.74364
101.2,1.68265,2375.2439,5.60885,118.80972
101.3,1.68454,2377.70996,5.61515,118.93307
101.4,1.68631,2376.4292,5.62105,118.869
101.5,1.68789,2374.09985,5.6263,118.75249
101.6,1.68927,2371.50928,5.63091,118.62291
101.7,1.6909,2373.16211,5.63632,118.70558
101.8,1.69279,2375.63037,5.64263,118.82905
101.9,1.69472,2375.29639,5.64907,118.81234
102,1.69637,2371.68286,5.65455,118.63159
102.1,1.6977,2368.26099,5.659,118.46043
102.2,1.69927,2369.74536,5.66424,118.53468
102.3,1.70118,2372.63477,5.67061,118.67921
102.4,1.70311,2372.28174,5.67704,118.66154
102.5,1.7047,2368.26099,5.68234,118.46043
102.6,1.70609,2365.34912,5.68698,118.31478
102.7,1.70768,2366.90454,5.69227,118.39258
102.8,1.70956,2369.40112,5.69854,118.51746
102.9,1.71142,2368.84619,5.70472,118.4897
103,1.71303,2366.07202,5.71011,118.35094
103.1,1.7144,2362.75684,5.71468,118.18511
103.2,1.71595,2363.80908,5.71983,118.23775
103.3,1.71786,2367.04907,5.72621,118.39981
103.4,1.71969,2365.85815,5.73229,118.34024
103.5,1.72125,2362.66333,5.7375,118.18044
103.6,1.72269,2360.51416,5.74231,118.07294
103.7,1.72424,2361.28296,5.74747,118.11139
103.8,1.72613,2364.03027,5.75378,118.24881
103.9,1.728,2362.78613,5.75998,118.18658
104,1.72957,2359.75977,5.76522,118.0352
104.1,1.73109,2358.47363,5.77029,117.97086
104.2,1.73259,2357.95288,5.77531,117.94482
104.3,1.73443,2360.80151,5.78145,118.08731
104.4,1.73629,2360.23096,5.78764,118.05877
104.5,1.73782,2356.92163,5.79274,117.89323
104.6,1.73942,2356.41235,5.79806,117.86776
104.7,1.74099,2355.85303,5.80331,117.83978
104.8,1.74284,2357.76782,5.80946,117.93556
104.9,1.74465,2356.6582,5.81552,117.88006
105,1.74622,2353.94116,5.82074,117.74416
105.1,1.74786,2353.98779,5.82619,117.74648
105.2,1.74948,2353.24561,5.8316,117.70936
105.3,1.75124,2354.24561,5.83748,117.75938
105.4,1.753,2353.15234,5.84335,117.7047
105.5,1.75461,2351.29346,5.84872,117.61172
105.6,1.75629,2351.09448,5.85431,117.60176
105.7,1.75783,2349.59766,5.85945,117.52689
105.8,1.75955,2351.07715,5.86516,117.60089
105.9,1.76133,2350.73291,5.87111,117.58368
106,1.7629,2348.38843,5.87634,117.46641
106.1,1.76457,2348.74341,5.8819,117.48416
106.2,1.76618,2347.16895,5.88728,117.4054
106.3,1.76784,2347.33496,5.89279,117.41371
106.4,1.76953,2347.0835,5.89843,117.40113
106.5,1.77113,2345.81689,5.90377,117.33778
106.6,1.77288,2346.59619,5.90959,117.37675
106.7,1.77454,2344.9541,5.91512,117.29462
106.8,1.77612,2343.89258,5.92039,117.24152
106.9,1.77779,2343.56079,5.92597,117.22493
107,1.77944,2342.99219,5.93147,117.19649
107.1,1.78116,2343.25269,5.9372,117.20952
107.2,1.78283,2341.96167,5.94276,117.14494
107.3,1.78438,2340.79224,5.94792,117.08644
107.4,1.78606,2341.21216,5.95353,117.10744
107.5,1.78777,2340.96973,5.95925,117.09532
107.6,1.78959,2341.53149,5.96529,117.12342
107.7,1.79132,2339.57251,5.97106,117.02543
107.8,1.79275,2336.52563,5.97583,116.87302
107.9,1.79438,2337.45361,5.98126,116.91945
108,1.79616,2338.5835,5.98721,116.97596
108.1,1.79801,2338.54028,5.99338,116.9738
108.2,1.79972,2336.2229,5.99907,116.85789
108.3,1.80113,2333.08203,6.00375,116.70078
108.4,1.80276,2334.28369,6.00919,116.76089
108.5,1.80454,2335.4375,6.01513,116.8186
108.6,1.8063,2335.03564,6.02101,116.7985
108.7,1.80806,2334.1438,6.02686,116.75389
108.8,1.80942,2329.93579,6.03141,116.5434
108.9,1.81098,2330.8252,6.0366,116.58789
109,1.81277,2333.00317,6.04257,116.69683
109.1,1.81466,2333.30957,6.04887,116.71216
109.2,1.81642,2331.28418,6.05474,116.61085
109.3,1.81773,2326.35596,6.05912,116.36434
109.4,1.81925,2327.40308,6.06417,116.41672
109.5,1.82112,2330.62671,6.07039,116.57796
109.6,1.82305,2330.40552,6.07683,116.5669
109.7,1.82469,2327.0105,6.0823,116.39708
109.8,1.82603,2323.40698,6.08677,116.21684
109.9,1.82756,2324.4397,6.09187,116.26849
110,1.82936,2326.93457,6.09788,116.39328
110.1,1.8313,2327.5332,6.10433,116.42323
110.2,1.83305,2325.25757,6.11018,116.3094
110.3,1.83436,2320.22339,6.11454,116.05759
110.4,1.83586,2321.27417,6.11954,116.11015
110.5,1.83775,2324.76416,6.12584,116.28472
110.6,1.83979,2325.69043,6.13264,116.33105
110.7,1.84144,2321.2312,6.13813,116.108
110.8,1.84274,2317.24316,6.14246,115.90852
110.9,1.84428,2318.4873,6.14759,115.97075
111,1.84619,2321.96265,6.15397,116.14458
111.1,1.84824,2322.22485,6.1608,116.1577
111.2,1.84984,2317.36719,6.16614,115.91472
111.3,1.85108,2313.20532,6.17027,115.70654
111.4,1.85261,2315.28784,6.17537,115.81071
111.5,1.85458,2319.59595,6.18194,116.02621
111.6,1.85655,2318.76514,6.18851,115.98465
111.7,1.85803,2313.86133,6.19342,115.73936
111.8,1.85945,2312.12842,6.19816,115.65268
111.9,1.86096,2312.47852,6.20321,115.67019
112,1.86283,2315.65039,6.20942,115.82885
112.1,1.86478,2315.95752,6.21593,115.84421
112.2,1.8664,2312.06836,6.22132,115.64967
112.3,1.86781,2309.48267,6.22603,115.52034
112.4,1.8693,2309.36865,6.23099,115.51463
112.5,1.87111,2312.03198,6.23704,115.64786
112.6,1.87307,2312.82446,6.24357,115.68749
112.7,1.8746,2308.25073,6.24866,115.45872
112.8,1.87606,2306.7356,6.25353,115.38293
112.9,1.87758,2306.83276,6.2586,115.38779
113,1.87936,2309.09985,6.26455,115.50119
113.1,1.8813,2309.67798,6.271,115.53011
113.2,1.88294,2306.33179,6.27648,115.36273
113.3,1.88447,2304.29077,6.28158,115.26064
113.4,1.88603,2303.94946,6.28676,115.24357
113.5,1.8878,2305.64819,6.29267,115.32854
113.6,1.8897,2306.19751,6.299,115.35602
113.7,1.89126,2302.37939,6.30419,115.16503
113.8,1.89279,2301.3252,6.30931,115.1123
113.9,1.89442,2301.56079,6.31473,115.12408
114,1.89618,2302.53125,6.32061,115.17263
114.1,1.89802,2302.53467,6.32672,115.1728
114.2,1.89962,2299.69458,6.33206,115.03074
114.3,1.90121,2298.99023,6.33736,114.99551
114.4,1.90282,2298.61011,6.34274,114.97649
114.5,1.9045,2298.81812,6.34833,114.9869
114.6,1.90629,2299.11108,6.35429,115.00155
114.7,1.9079,2296.82129,6.35967,114.88702
114.8,1.90953,2296.43359,6.36509,114.86762
114.9,1.91114,2295.61401,6.37045,114.82663
115,1.91276,2295.40088,6.37587,114.81596
115.1,1.91453,2295.90942,6.38175,114.84141
115.2,1.91618,2294.65039,6.38728,114.77843
115.3,1.91791,2294.20239,6.39304,114.75602
115.4,1.91952,2292.3269,6.39841,114.66221
115.5,1.92107,2291.6355,6.40356,114.62762
115.6,1.92279,2292.28149,6.40931,114.65993
115.7,1.92442,2291.2251,6.41475,114.60709
115.8,1.92612,2290.94165,6.4204,114.59292
115.9,1.92787,2290.90161,6.42623,114.59091
116,1.9294,2288.2229,6.43134,114.45692
116.1,1.93107,2288.89648,6.43691,114.49062
116.2,1.93277,2288.36865,6.44257,114.46422
116.3,1.93462,2289.08496,6.44872,114.50005
116.4,1.93636,2287.3125,6.45454,114.41138
116.5,1.93781,2284.13843,6.45938,114.25262
116.6,1.93939,2284.40601,6.46463,114.26601
116.7,1.9412,2286.26709,6.47067,114.35909
116.8,1.94304,2285.85645,6.4768,114.33855
116.9,1.94473,2283.50854,6.48243,114.22112
117,1.94617,2280.6106,6.48725,114.07616
117.1,1.94772,2281.13354,6.49241,114.10232
117.2,1.94949,2282.87695,6.4983,114.18952
117.3,1.95135,2283.38745,6.50451,114.21506
117.4,1.95314,2281.63184,6.51047,114.12724
117.5,1.95451,2277.29492,6.51505,113.91031
117.6,1.95595,2276.89575,6.51984,113.89034
117.7,1.95779,2280.20825,6.52595,114.05603
117.8,1.95969,2280.37988,6.53232,114.06461
117.9,1.9614,2278.04639,6.538,113.9479
118,1.96279,2274.15771,6.54263,113.75339
118.1,1.96427,2274.39673,6.54758,113.76534
118.2,1.96608,2277.01489,6.5536,113.8963
118.3,1.96802,2277.44922,6.56006,113.91802
118.4,1.96974,2274.6582,6.5658,113.77842
118.5,1.97114,2270.78906,6.57047,113.58488
118.6,1.97253,2270.1665,6.5751,113.55374
118.7,1.97434,2273.56372,6.58112,113.72367
118.8,1.9763,2274.62866,6.58767,113.77694
118.9,1.97799,2271.72876,6.59331,113.63189
119,1.97946,2268.42578,6.59818,113.46667
119.1,1.9809,2267.61035,6.603,113.42589
119.2,1.98273,2270.73364,6.60909,113.58212
119.3,1.98473,2271.56445,6.61575,113.62367
119.4,1.98639,2267.97632,6.6213,113.44419
119.5,1.98781,2264.73193,6.62602,113.28191
119.6,1.98924,2264.34302,6.6308,113.26245
119.7,1.99108,2267.37085,6.63692,113.4139
119.8,1.99314,2268.52979,6.6438,113.47188
119.9,1.99474,2264.03076,6.64912,113.24683
120,1.99614,2261.50781,6.65379,113.12064
120.1,1.99766,2261.81348,6.65887,113.13593
120.2,1.99945,2264.27661,6.66484,113.25913
120.3,2.0014,2264.66309,6.67132,113.27847
120.4,2.00302,2261.22803,6.67672,113.10664
120.5,2.00449,2258.95728,6.68163,112.99306
120.6,2.00597,2258.37061,6.68657,112.96371
120.7,2.00773,2260.72241,6.69244,113.08135
120.8,2.00967,2261.27368,6.69889,113.10892
120.9,2.01128,2257.96802,6.70428,112.94357
121,2.01273,2255.30444,6.7091,112.81034
121.1,2.01425,2255.44775,6.71416,112.81751
121.2,2.01604,2257.57617,6.72014,112.92397
121.3,2.01801,2258.13892,6.72669,112.95213
121.4,2.01961,2254.15479,6.73203,112.75284
121.5,2.02108,2252.63184,6.73692,112.67666
121.6,2.02267,2252.71851,6.74223,112.68099
121.7,2.02435,2253.52417,6.74783,112.72129
121.8,2.02625,2254.82788,6.75416,112.78651
121.9,2.02791,2251.91895,6.75972,112.641
122,2.02944,2249.98193,6.76481,112.54411
122.1,2.03105,2249.68481,6.77016,112.52925
122.2,2.03275,2250.46509,6.77585,112.56828
122.3,2.03464,2251.37549,6.78215,112.61382
122.4,2.03628,2248.16772,6.78758,112.45336
122.5,2.03786,2246.89307,6.79286,112.3896
122.6,2.03953,2246.95142,6.79845,112.39252
122.7,2.04117,2246.34082,6.8039,112.36198
122.8,2.04298,2246.979,6.80993,112.39391
122.9,2.04462,2244.87427,6.81541,112.28863
123,2.04621,2244.0647,6.8207,112.24813
123.1,2.04788,2243.86353,6.82627,112.23807
123.2,2.04948,2242.95483,6.83161,112.19261
123.3,2.05127,2243.60571,6.83755,112.22517
123.4,2.05288,2241.49292,6.84292,112.11949
123.5,2.05452,2241.23804,6.84841,112.10674
123.6,2.05623,2241.21313,6.85411,112.1055
123.7,2.05779,2239.427,6.85931,112.01615
123.8,2.05955,2240.13477,6.86516,112.05156
123.9,2.0612,2238.67871,6.87068,111.97872
124,2.06284,2237.53369,6.87613,111.92145
124.1,2.06459,2237.74756,6.88197,111.93214
124.2,2.06613,2235.65894,6.88712,111.82767
124.3,2.06774,2235.51782,6.89247,111.82062
124.4,2.06941,2235.15308,6.89804,111.80237
124.5,2.07115,2235.54443,6.90383,111.82195
124.6,2.07294,2235.11816,6.90979,111.80063
124.7,2.07447,2232.21533,6.9149,111.65543
124.8,2.07607,2231.94849,6.92024,111.64207
124.9,2.07774,2231.97803,6.9258,111.64355
125,2.07953,2232.28833,6.93176,111.65908
125.1,2.08129,2231.62012,6.93764,111.62566
125.2,2.08284,2228.91187,6.94281,111.49019
125.3,2.08438,2227.92896,6.94792,111.44102
125.4,2.0861,2228.79053,6.95366,111.48412
125.5,2.08795,2229.56226,6.95982,111.52272
125.6,2.08978,2228.63403,6.96592,111.47629
125.7,2.0913,2224.83545,6.97099,111.28629
125.8,2.09272,2223.57983,6.97574,111.22348
125.9,2.09444,2225.66479,6.98145,111.32777
126,2.0963,2226.28931,6.98767,111.35901
126.1,2.09808,2224.98145,6.9936,111.29359
126.2,2.09954,2221.06274,6.99845,111.09757
126.3,2.10099,2220.31372,7.0033,111.0601
126.4,2.10272,2222.1853,7.00905,111.15372
126.5,2.10458,2223.20605,7.01528,111.20478
126.6,2.1064,2221.5957,7.02133,111.12423
126.7,2.10788,2217.91626,7.02628,110.94019
126.8,2.10929,2216.36694,7.03095,110.86269
126.9,2.11104,2218.87109,7.0368,110.98795
127,2.11298,2219.802,7.04327,111.03451
127.1,2.1147,2217.35938,7.049,110.91233
127.2,2.11612,2213.87671,7.05374,110.73813
127.3,2.11752,2212.96094,7.05841,110.69232
127.4,2.11931,2215.82544,7.06436,110.8356
127.5,2.12123,2216.72705,7.07076,110.8807
127.6,2.12302,2214.67407,7.07673,110.77802
127.7,2.1245,2210.97217,7.08166,110.59284
127.8,2.12588,2209.41479,7.08628,110.51495
127.9,2.12769,2212.68677,7.09231,110.6786
128,2.12967,2213.38135,7.09889,110.71335
128.1,2.1314,2210.52515,7.10466,110.57048
128.2,2.13284,2206.9519,7.10947,110.39175
128.3,2.13429,2206.28101,7.1143,110.35819
128.4,2.1361,2209.08325,7.12032,110.49836
128.5,2.13811,2210.26636,7.12702,110.55754
128.6,2.13984,2206.70093,7.13279,110.3792
128.7,2.14119,2202.83911,7.13731,110.18603
128.8,2.14262,2202.5564,7.14206,110.17188
128.9,2.14446,2206.09912,7.14819,110.34909
129,2.14643,2206.54858,7.15477,110.37157
129.1,2.14805,2202.66113,7.16017,110.17712
129.2,2.14949,2200.3877,7.16497,110.06341
129.3,2.15098,2199.75366,7.16994,110.03169
129.4,2.15275,2201.92065,7.17585,110.14008
129.5,2.15471,2203.01489,7.18237,110.19482
129.6,2.15638,2199.09912,7.18793,109.99895
129.7,2.15784,2196.63647,7.1928,109.87577
129.8,2.1594,2196.43921,7.19801,109.86591
129.9,2.16108,2197.28369,7.2036,109.90814
130,2.16298,2198.54224,7.20994,109.9711
130.1,2.16458,2195.41187,7.21527,109.81451
130.2,2.16607,2193.42725,7.22025,109.71525
130.3,2.16767,2193.72632,7.22555,109.7302
130.4,2.16934,2194.18604,7.23113,109.7532
130.5,2.17123,2195.19067,7.23742,109.80345
130.6,2.17295,2192.97363,7.24316,109.69256
130.7,2.17449,2190.50952,7.24829,109.5693
130.8,2.17608,2189.94897,7.2536,109.54126
130.9,2.17774,2190.1936,7.25912,109.5535
131,2.17965,2191.74609,7.2655,109.63116
131.1,2.18124,2188.10327,7.27079,109.44894
131.2,2.18279,2186.81201,7.27597,109.38435
131.3,2.1845,2187.26611,7.28167,109.40707
131.4,2.18619,2186.96411,7.28732,109.39196
131.5,2.188,2186.96729,7.29334,109.39212
131.6,2.18957,2184.52002,7.29857,109.26971
131.7,2.19118,2183.82471,7.30392,109.23492
131.8,2.19285,2183.66113,7.3095,109.22675
131.9,2.19447,2182.79468,7.3149,109.1834
132,2.19624,2183.0437,7.32081,109.19586
132.1,2.19789,2181.48462,7.3263,109.11787
132.2,2.19946,2180.06372,7.33154,109.0468
132.3,2.20117,2180.41284,7.33725,109.06426
132.4,2.20279,2179.22681,7.34265,109.00494
132.5,2.20451,2179.01343,7.34837,108.99426
132.6,2.20619,2177.88037,7.35396,108.93759
132.7,2.20786,2176.9729,7.35953,108.8922
132.8,2.2096,2176.72314,7.36532,108.87971
132.9,2.21113,2174.53394,7.37042,108.7702
133,2.21276,2174.51733,7.37585,108.76937
133.1,2.21438,2174.01855,7.38125,108.74442
133.2,2.21609,2173.89771,7.38695,108.73838
133.3,2.21785,2173.92261,7.39284,108.73962
133.4,2.21947,2171.46191,7.39823,108.61654
133.5,2.22109,2170.87256,7.40362,108.58706
133.6,2.22272,2170.30981,7.40907,108.55891
133.7,2.22455,2171.27002,7.41515,108.60694
133.8,2.2263,2169.80322,7.42101,108.53357
133.9,2.2279,2167.43042,7.42632,108.41489
134,2.22946,2166.31396,7.43154,108.35904
134.1,2.23113,2166.44751,7.43709,108.36572
134.2,2.23294,2167.05933,7.44315,108.39632
134.3,2.23472,2165.97021,7.44907,108.34184
134.4,2.23622,2162.88599,7.45406,108.18757
134.5,2.23775,2162.05103,7.45917,108.14581
134.6,2.23946,2163.33228,7.46486,108.20989
134.7,2.24129,2163.83057,7.47096,108.23482
134.8,2.24308,2162.73413,7.47693,108.17998
134.9,2.24461,2159.3335,7.48202,108.00987
135,2.24601,2157.66943,7.48671,107.92664
135.1,2.24776,2159.82422,7.49253,108.03442
135.2,2.24961,2160.32446,7.49871,108.05944
135.3,2.25139,2158.95557,7.50463,107.99097
135.4,2.25291,2155.51245,7.50971,107.81875
135.5,2.25432,2153.62305,7.5144,107.72424
135.6,2.25608,2155.71362,7.52026,107.82881
135.7,2.25795,2156.48462,7.52651,107.86738
135.8,2.25968,2154.58496,7.53225,107.77235
135.9,2.26115,2151.26416,7.53718,107.60625
136,2.26258,2150.21802,7.54195,107.55392
136.1,2.26432,2152.25171,7.54773,107.65565
136.2,2.26627,2153.65576,7.55424,107.72588
136.3,2.26805,2151.16284,7.56016,107.60118
136.4,2.26953,2147.53027,7.56512,107.41948
136.5,2.27092,2146.05859,7.56975,107.34586
136.6,2.27268,2148.6438,7.57561,107.47517
136.7,2.27467,2149.96191,7.58225,107.54111
136.8,2.27644,2146.9834,7.58814,107.39212
136.9,2.27789,2142.95093,7.59295,107.19042
137,2.27931,2141.88672,7.59768,107.13718
137.1,2.28109,2144.67236,7.60363,107.27653
137.2,2.28297,2145.17554,7.6099,107.3017
137.3,2.28476,2143.26074,7.61586,107.20592
137.4,2.28621,2139.73877,7.62071,107.02975
137.5,2.28764,2138.72705,7.62548,106.97914
137.6,2.28936,2140.63574,7.63121,107.07462
137.7,2.29133,2141.98169,7.63777,107.14194
137.8,2.29308,2139.30396,7.6436,107.008
137.9,2.29454,2135.51196,7.64845,106.81832
138,2.29599,2134.46069,7.65329,106.76574
138.1,2.29773,2136.68579,7.65909,106.87704
138.2,2.29967,2137.63281,7.66556,106.92441
138.3,2.30138,2134.75269,7.67126,106.78034
138.4,2.30282,2131.61133,7.67608,106.62321
138.5,2.30435,2131.12061,7.68118,106.59866
138.6,2.30604,2132.29443,7.68678,106.65738
138.7,2.30786,2132.96924,7.69287,106.69113
138.8,2.30958,2131.14087,7.6986,106.59968
138.9,2.31107,2128.33032,7.70357,106.4591
139,2.3126,2127.68604,7.70865,106.42687
139.1,2.31434,2128.99438,7.71447,106.49231
139.2,2.31628,2129.94653,7.72093,106.53994
139.3,2.31793,2126.58765,7.72645,106.37193
139.4,2.31946,2124.54321,7.73153,106.26967
139.5,2.32106,2124.26831,7.73686,106.25591
139.6,2.32273,2124.4082,7.74244,106.26291
139.7,2.32466,2125.67847,7.74885,106.32645
139.8,2.32635,2122.57178,7.7545,106.17105
139.9,2.32789,2120.45435,7.75963,106.06514
140,2.32949,2119.93213,7.76495,106.03902
140.1,2.33109,2119.95532,7.77031,106.04018
140.2,2.33296,2121.19922,7.77653,106.1024
140.3,2.33467,2119.0376,7.78224,105.99428
140.4,2.33623,2116.90112,7.78744,105.88741
140.5,2.33787,2116.23584,7.79289,105.85413
140.6,2.33946,2115.68896,7.7982,105.82677
140.7,2.34124,2116.37695,7.80413,105.86119
140.8,2.34292,2114.69824,7.80972,105.77722
140.9,2.34456,2113.54858,7.8152,105.71971
141,2.34624,2112.69971,7.82081,105.67725
141.1,2.34779,2110.91553,7.82597,105.58801
141.2,2.34953,2111.82544,7.83177,105.63352
141.3,2.35121,2110.5022,7.83735,105.56734
141.4,2.35285,2109.4248,7.84282,105.51344
141.5,2.35452,2108.85938,7.84838,105.48516
141.6,2.35608,2107.2688,7.8536,105.4056
141.7,2.35777,2107.17969,7.85924,105.40114
141.8,2.35941,2106.21313,7.86471,105.3528
141.9,2.36117,2106.44067,7.87056,105.36417
142,2.36298,2105.79419,7.87659,105.33184
142.1,2.36449,2102.43091,7.88165,105.1636
142.2,2.3661,2102.43604,7.88699,105.16386
142.3,2.36777,2102.13062,7.89256,105.14859
142.4,2.36956,2102.63354,7.89854,105.17374
142.5,2.37134,2101.46289,7.90448,105.11519
142.6,2.37287,2098.34888,7.90958,104.95943
142.7,2.37439,2097.27905,7.91465,104.90591
142.8,2.37611,2098.07129,7.92037,104.94554
142.9,2.37792,2098.35889,7.92639,104.95992
143,2.37976,2097.75098,7.93255,104.92952
143.1,2.38123,2093.49023,7.93744,104.71639
143.2,2.3827,2092.81348,7.94234,104.68254
143.3,2.38439,2093.74976,7.94797,104.72938
143.4,2.38629,2095.21509,7.95429,104.80267
143.5,2.38808,2093.03052,7.96026,104.6934
143.6,2.38957,2089.56616,7.96523,104.52011
143.7,2.39099,2088.01807,7.96997,104.44268
143.8,2.39268,2089.57446,7.97561,104.52053
143.9,2.39457,2090.60474,7.98189,104.57206
144,2.39646,2089.64746,7.98819,104.52418
144.1,2.39792,2084.7793,7.99306,104.28068
144.2,2.39927,2082.87671,7.99756,104.18551
144.3,2.40095,2084.9729,8.00316,104.29036
144.4,2.40284,2086.51123,8.00947,104.3673
144.5,2.40472,2085.18188,8.01573,104.30081
144.6,2.40617,2080.58032,8.02057,104.07064
144.7,2.40752,2078.63867,8.02506,103.97352
144.8,2.40924,2081.06519,8.03078,104.09489
144.9,2.41118,2082.66504,8.03728,104.17492
145,2.41314,2081.61304,8.04382,104.1223
145.1,2.41458,2076.09619,8.0486,103.84634
145.2,2.4159,2073.91724,8.053,103.73735
145.3,2.41763,2076.7915,8.05877,103.88113
145.4,2.41965,2078.80469,8.06551,103.98183
145.5,2.42153,2076.72119,8.07177,103.87761
145.6,2.42293,2071.14624,8.07644,103.59875
145.7,2.42424,2069.32861,8.08078,103.50783
145.8,2.4259,2072.01074,8.08635,103.64199
145.9,2.42797,2074.87231,8.09325,103.78513
146,2.42992,2072.71948,8.09973,103.67744
146.1,2.43136,2067.19385,8.10453,103.40105
146.2,2.43263,2064.71289,8.10877,103.27695
146.3,2.43433,2067.93164,8.11445,103.43796
146.4,2.4364,2070.13403,8.12134,103.54812
146.5,2.4382,2066.84326,8.12734,103.38351
146.6,2.43963,2062.79321,8.13209,103.18093
146.7,2.44097,2061.02271,8.13656,103.09237
146.8,2.44268,2063.66968,8.14226,103.22477
146.9,2.44472,2065.50342,8.14906,103.3165
147,2.44655,2062.72144,8.15518,103.17734
147.1,2.44792,2057.91553,8.15973,102.93695
147.2,2.44928,2056.43042,8.16426,102.86266
147.3,2.45094,2058.71558,8.16981,102.97697
147.4,2.45291,2060.82666,8.17635,103.08257
147.5,2.45468,2057.78564,8.18228,102.93045
147.6,2.4562,2054.82495,8.18733,102.78236
147.7,2.45768,2053.41113,8.19225,102.71164
147.8,2.45932,2054.23926,8.19774,102.75306
147.9,2.46123,2055.63379,8.2041,102.82281
148,2.46306,2053.74951,8.2102,102.72856
148.1,2.46463,2051.05591,8.21542,102.59383
148.2,2.4661,2048.604,8.22033,102.47118
148.3,2.46769,2049.49561,8.22564,102.51579
148.4,2.4696,2051.16895,8.23199,102.59949
148.5,2.47131,2048.44946,8.23769,102.46346
148.6,2.47283,2046.03223,8.24275,102.34254
148.7,2.47445,2045.40039,8.24815,102.31094
148.8,2.47604,2044.9646,8.25348,102.28915
148.9,2.47793,2046.46326,8.25976,102.36411
149,2.47964,2043.65625,8.26546,102.2237
149.1,2.48125,2041.91577,8.27082,102.13664
149.2,2.48292,2041.1532,8.27639,102.0985
149.3,2.48444,2039.69836,8.28147,102.02573
149.4,2.48625,2040.96619,8.28751,102.08914
149.5,2.48793,2038.98816,8.2931,101.9902
149.6,2.48955,2037.70642,8.29849,101.92609
149.7,2.4912,2036.78259,8.30401,101.87988
149.8,2.49276,2035.4071,8.30919,101.81107
149.9,2.49447,2035.6283,8.3149,101.82214
150,2.4961,2034.03882,8.32034,101.74264
150.1,2.4978,2033.98669,8.32599,101.74003
150.2,2.49957,2033.3446,8.33191,101.70791
150.3,2.50107,2030.06079,8.33689,101.54366
150.4,2.50271,2030.4032,8.34237,101.56078
150.5,2.5044,2029.78174,8.348,101.52969
150.6,2.50612,2029.44409,8.35373,101.51281
150.7,2.50791,2028.88403,8.35969,101.48479
150.8,2.50947,2025.66235,8.36489,101.32365
150.9,2.51104,2024.9939,8.37012,101.29021
151,2.51276,2025.15149,8.37588,101.29809
151.1,2.51455,2025.04395,8.38184,101.29271
151.2,2.5164,2024.49243,8.38801,101.26512
151.3,2.51788,2020.20496,8.39292,101.05067
151.4,2.51937,2019.21558,8.39789,101.00117
151.5,2.52104,2019.95728,8.40347,101.03828
151.6,2.52288,2020.51477,8.40959,101.06616
151.7,2.5248,2020.547,8.41601,101.06777
151.8,2.52635,2015.86072,8.42116,100.83337
151.9,2.52774,2013.57336,8.42581,100.71896
152,2.52943,2015.33777,8.43144,100.80721
152.1,2.53125,2016.07556,8.43751,100.84412
152.2,2.53314,2015.40881,8.44381,100.81076
152.3,2.53468,2011.02734,8.44893,100.5916
152.4,2.536,2008.38062,8.45332,100.45921
152.5,2.53771,2010.68835,8.45903,100.57465
152.6,2.5396,2011.70801,8.46533,100.62565
152.7,2.54147,2010.54675,8.47157,100.56756
152.8,2.54302,2006.20203,8.47675,100.35023
152.9,2.54428,2002.86121,8.48093,100.18313
153,2.54592,2005.1416,8.4864,100.2972
153.1,2.54782,2006.97742,8.49274,100.38902
153.2,2.54981,2006.68909,8.49935,100.3746
153.3,2.55135,2001.526,8.50449,100.11634
153.4,2.55262,1998.19043,8.50873,99.9495
153.5,2.55426,2000.44031,8.51419,100.06203
153.6,2.55622,2002.1886,8.52074,100.14949
153.7,2.55807,2000.50903,8.5269,100.06548
153.8,2.55963,1996.69214,8.53211,99.87456
153.9,2.56093,1993.63245,8.53644,99.72151
154,2.56258,1995.56519,8.54195,99.81818
154.1,2.56452,1997.44836,8.54841,99.91238
154.2,2.56646,1996.11707,8.55487,99.84579
154.3,2.568,1991.75964,8.55999,99.62783
154.4,2.56931,1988.15723,8.56436,99.44764
154.5,2.5709,1990.02063,8.56966,99.54085
154.6,2.57289,1992.94238,8.5763,99.68699
154.7,2.57482,1990.92444,8.58274,99.58605
154.8,2.57633,1986.61218,8.58778,99.37035
154.9,2.57771,1984.05103,8.59236,99.24225
155,2.57929,1985.10193,8.59763,99.29482
155.1,2.58123,1987.45227,8.60411,99.41238
155.2,2.58313,1985.76599,8.61044,99.32803
155.3,2.58464,1981.52917,8.61546,99.1161
155.4,2.58601,1978.81555,8.62002,98.98037
155.5,2.58763,1980.11304,8.62542,99.04527
155.6,2.58956,1981.99414,8.63186,99.13936
155.7,2.59135,1979.89722,8.63782,99.03447
155.8,2.59285,1976.28247,8.64282,98.85366
155.9,2.59436,1975.26929,8.64786,98.80299
156,2.59594,1975.35254,8.65313,98.80714
156.1,2.59781,1976.81995,8.65936,98.88055
156.2,2.59963,1975.01001,8.66543,98.79002
156.3,2.60119,1971.99634,8.67062,98.63927
156.4,2.60274,1970.48694,8.67581,98.56377
156.5,2.6043,1969.69043,8.68101,98.52393
156.6,2.60615,1971.35242,8.68716,98.60706
156.7,2.60795,1969.49243,8.69317,98.51402
156.8,2.60951,1966.80554,8.69835,98.37962
156.9,2.61114,1966.00317,8.70381,98.33949
157,2.6127,1964.625,8.70899,98.27055
157.1,2.61453,1965.80408,8.71511,98.32954
157.2,2.6163,1964.00452,8.72101,98.23952
157.3,2.61785,1961.38037,8.72616,98.10826
157.4,2.61958,1961.96387,8.73192,98.13744
157.5,2.62118,1959.6875,8.73728,98.02358
157.6,2.6229,1959.58374,8.74299,98.01839
157.7,2.62464,1958.82715,8.7488,97.98055
157.8,2.6262,1956.46472,8.75401,97.86238
157.9,2.62793,1956.66138,8.75975,97.87222
158,2.62948,1954.11841,8.76495,97.74502
158.1,2.6312,1954.479,8.77065,97.76305
158.2,2.63289,1953.10486,8.77631,97.69432
158.3,2.63457,1952.05933,8.78189,97.64202
158.4,2.63633,1951.62048,8.78776,97.62007
158.5,2.63793,1948.62781,8.79311,97.47038
158.6,2.63949,1947.60669,8.79831,97.4193
158.7,2.64113,1947.23474,8.80376,97.4007
158.8,2.64282,1946.89124,8.8094,97.38351
158.9,2.64459,1946.30237,8.81529,97.35406
159,2.64627,1944.4425,8.82091,97.26102
159.1,2.64776,1942.08215,8.82588,97.14296
159.2,2.64941,1941.84521,8.83137,97.13111
159.3,2.65118,1941.98901,8.83726,97.13831
159.4,2.65293,1940.70728,8.84309,97.07419
159.5,2.6546,1938.67773,8.84866,96.97267
159.6,2.65606,1935.94214,8.85352,96.83584
159.7,2.65771,1936.78906,8.85903,96.8782
159.8,2.65948,1936.55066,8.86493,96.86628
159.9,2.66128,1935.72998,8.87094,96.82523
160,2.66303,1933.96582,8.87677,96.73698
160.1,2.66441,1930.18677,8.88135,96.54796
160.2,2.666,1930.45605,8.88668,96.56142
160.3,2.66781,1931.42334,8.89271,96.60981
160.4,2.6697,1931.16846,8.89901,96.59706
160.5,2.67139,1928.02832,8.90465,96.43999
160.6,2.67273,1924.0979,8.90909,96.24339
160.7,2.67432,1925.18005,8.91441,96.29752
160.8,2.67612,1926.20288,8.9204,96.34868
160.9,2.67802,1925.49658,8.92672,96.31335
161,2.67973,1922.77002,8.93243,96.17697
161.1,2.68108,1918.59375,8.93694,95.96807
161.2,2.68264,1919.1626,8.94212,95.99653
161.3,2.68447,1920.34399,8.94822,96.05562
161.4,2.68641,1920.32251,8.95468,96.05454
161.5,2.68806,1916.37964,8.96019,95.85732
161.6,2.68938,1912.79333,8.9646,95.67793
161.7,2.69091,1913.16125,8.96969,95.69633
161.8,2.69276,1914.97766,8.97586,95.78719
161.9,2.69469,1914.43579,8.98231,95.76009
162,2.6963,1910.61682,8.98767,95.56907
162.1,2.69768,1907.34729,8.99226,95.40553
162.2,2.69921,1907.84314,8.99736,95.43033
162.3,2.70106,1909.39441,9.00352,95.50792
162.4,2.70302,1909.32507,9.01007,95.50446
162.5,2.70467,1905.28186,9.01556,95.30221
162.6,2.70607,1901.87524,9.02024,95.13181
162.7,2.70762,1902.45325,9.0254,95.16072
162.8,2.70952,1904.15283,9.03173,95.24574
162.9,2.71147,1903.20496,9.03824,95.19833
163,2.71299,1898.45764,9.04329,94.96086
163.1,2.71441,1896.67883,9.04804,94.87189
163.2,2.71597,1896.59448,9.05324,94.86767
163.3,2.71787,1898.30493,9.05956,94.95322
163.4,2.71982,1897.29834,9.06607,94.90288
163.5,2.72138,1893.11768,9.07127,94.69376
163.6,2.72279,1890.53638,9.07597,94.56464
163.7,2.72434,1890.81079,9.08114,94.57837
163.8,2.72621,1892.47339,9.08735,94.66153
163.9,2.72814,1891.34631,9.09379,94.60516
164,2.72966,1886.73328,9.09886,94.37441
164.1,2.7311,1884.83691,9.10365,94.27956
164.2,2.73267,1885.28955,9.10891,94.30219
164.3,2.73456,1886.62451,9.1152,94.36897
164.4,2.73637,1884.61658,9.12124,94.26853
164.5,2.73788,1881.03601,9.12628,94.08943
164.6,2.73947,1880.45691,9.13155,94.06047
164.7,2.74104,1879.28003,9.1368,94.0016
164.8,2.7428,1880.02478,9.14268,94.03885
164.9,2.74465,1878.79114,9.14882,93.97714
165,2.74616,1875.31555,9.15387,93.8033
165.1,2.74771,1874.00696,9.15903,93.73784
165.2,2.74933,1873.6604,9.16445,93.7205
165.3,2.75109,1873.93372,9.17032,93.73418
165.4,2.75293,1873.18921,9.17645,93.69694
165.5,2.7545,1869.76099,9.18167,93.52546
165.6,2.75618,1869.41833,9.18727,93.50832
165.7,2.7578,1867.52637,9.19267,93.41368
165.8,2.7595,1867.30139,9.19833,93.40243
165.9,2.76125,1866.44348,9.20417,93.35951
166,2.76282,1863.46924,9.20939,93.21075
166.1,2.76446,1863.09814,9.21486,93.19218
166.2,2.76615,1862.16174,9.22051,93.14534
166.3,2.76789,1861.50879,9.22629,93.11268
166.4,2.76959,1859.82458,9.23196,93.02843
166.5,2.7712,1858.08154,9.23732,92.94125
166.6,2.77283,1857.17529,9.24278,92.89592
166.7,2.77453,1855.95215,9.24844,92.83474
166.8,2.77619,1854.61902,9.25395,92.76806
166.9,2.77787,1853.43811,9.25957,92.70898
167,2.77948,1851.77405,9.26493,92.62575
167.1,2.78114,1850.86633,9.27048,92.58035
167.2,2.78274,1848.95215,9.27579,92.4846
167.3,2.78439,1848.46948,9.28129,92.46046
167.4,2.78613,1848.00549,9.28711,92.43725
167.5,2.78779,1846.03674,9.29263,92.33877
167.6,2.7895,1845.0968,9.29834,92.29176
167.7,2.79122,1843.73535,9.30405,92.22366
167.8,2.79277,1841.32422,9.30923,92.10305
167.9,2.7944,1840.83716,9.31468,92.07869
168,2.79608,1839.96057,9.32028,92.03484
168.1,2.79786,1839.37476,9.32619,92.00554
168.2,2.79954,1836.95337,9.33178,91.88442
168.3,2.80108,1834.99048,9.33693,91.78623
168.4,2.80275,1834.60205,9.34251,91.76681
168.5,2.80448,1833.57629,9.34825,91.7155
168.6,2.80632,1833.61987,9.3544,91.71767
168.7,2.80803,1830.41992,9.36009,91.55762
168.8,2.80945,1827.57056,9.36483,91.41509
168.9,2.81109,1827.77881,9.3703,91.42551
169,2.81285,1827.67712,9.37616,91.42043
169.1,2.81469,1827.25342,9.38231,91.39923
169.2,2.81635,1824.27002,9.38784,91.25
169.3,2.81779,1821.1156,9.39263,91.09222
169.4,2.81939,1821.05151,9.39798,91.08901
169.5,2.82118,1821.59521,9.40394,91.1162
169.6,2.82302,1820.75525,9.41005,91.07419
169.7,2.82476,1818.04358,9.41588,90.93855
169.8,2.82612,1813.8761,9.4204,90.73009
169.9,2.8277,1814.31067,9.42566,90.75183
170,2.82959,1815.45386,9.43197,90.80901
170.1,2.83137,1813.15613,9.4379,90.69408
170.2,2.83295,1810.76111,9.44315,90.57428
170.3,2.83439,1807.89954,9.44798,90.43114
170.4,2.83595,1807.67517,9.45318,90.41992
170.5,2.8378,1808.65173,9.45934,90.46877
170.6,2.83968,1807.69751,9.46559,90.42104
170.7,2.84129,1804.05859,9.47097,90.23902
170.8,2.84268,1800.96997,9.47561,90.08453
170.9,2.84427,1801.32666,9.48091,90.10237
171,2.84615,1802.64917,9.48716,90.16853
171.1,2.84804,1800.97961,9.49347,90.08501
171.2,2.84964,1797.49915,9.49879,89.91092
171.3,2.85101,1794.15808,9.50337,89.7438
171.4,2.85261,1794.77783,9.50871,89.7748
171.5,2.85452,1795.91064,9.51506,89.83146
171.6,2.85635,1794.27319,9.52118,89.74956
171.7,2.858,1791.04773,9.52667,89.58822
171.8,2.85937,1787.34119,9.53122,89.40282
171.9,2.86094,1787.90796,9.53647,89.43117
172,2.86288,1789.48157,9.54294,89.50988
172.1,2.86476,1787.38831,9.54919,89.40517
172.2,2.86632,1783.38513,9.55441,89.20493
172.3,2.86774,1780.82788,9.55912,89.07702
172.4,2.86929,1780.78638,9.56429,89.07494
172.5,2.8712,1782.41003,9.57066,89.15616
172.6,2.87312,1780.53357,9.57705,89.0623
172.7,2.87464,1776.2439,9.58213,88.84773
172.8,2.87607,1773.76086,9.58689,88.72353
172.9,2.87762,1773.99646,9.59207,88.73531
173,2.87946,1774.93286,9.59818,88.78215
173.1,2.88133,1773.69641,9.60445,88.72031
173.2,2.88292,1769.86902,9.60974,88.52886
173.3,2.88441,1767.52734,9.61469,88.41173
173.4,2.88594,1766.67566,9.6198,88.36913
173.5,2.88781,1768.26636,9.62605,88.44869
173.6,2.8897,1766.59766,9.63233,88.36523
173.7,2.8912,1761.99524,9.63734,88.13501
173.8,2.89274,1760.79407,9.64245,88.07493
173.9,2.89433,1760.22375,9.64776,88.0464
174,2.89611,1760.46082,9.65372,88.05826
174.1,2.89802,1759.41553,9.66005,88.00597
174.2,2.89953,1755.24414,9.66509,87.79733
174.3,2.90109,1753.88867,9.6703,87.72952
174.4,2.90272,1753.16504,9.67572,87.69333
174.5,2.9045,1753.00671,9.68167,87.68541
174.6,2.90634,1751.93628,9.68781,87.63187
174.7,2.90791,1748.13135,9.69302,87.44154
174.8,2.90955,1747.67529,9.69848,87.41873
174.9,2.91115,1745.70068,9.70383,87.31996
175,2.91288,1745.64551,9.70962,87.3172
175.1,2.91471,1744.28052,9.7157,87.24892
175.2,2.91624,1740.7196,9.7208,87.07081
175.3,2.91788,1740.1947,9.72628,87.04455
175.4,2.9195,1738.51453,9.73165,86.96051
175.5,2.9212,1738.07959,9.73735,86.93875
175.6,2.92299,1736.7002,9.74329,86.86976
175.7,2.92463,1734.4657,9.74876,86.75799
175.8,2.92623,1732.51392,9.75411,86.66035
175.9,2.92778,1730.60913,9.75926,86.56508
176,2.92946,1730.46558,9.76485,86.5579
176.1,2.93119,1729.07751,9.77064,86.48847
176.2,2.93284,1726.98914,9.77612,86.38401
176.3,2.93452,1725.72913,9.78175,86.32098
176.4,2.93616,1723.61938,9.7872,86.21545
176.5,2.93775,1722.08179,9.79251,86.13854
176.6,2.93944,1721.45947,9.79814,86.10741
176.7,2.94111,1719.66687,9.80371,86.01775
176.8,2.94292,1719.17383,9.80972,85.99309
176.9,2.94459,1716.02368,9.81529,85.83552
177,2.94608,1713.77209,9.82027,85.72289
177.1,2.9478,1713.89783,9.826,85.72918
177.2,2.94948,1712.11609,9.83158,85.64006
177.3,2.95119,1710.98352,9.83729,85.5834
177.4,2.95287,1708.90796,9.84291,85.47958
177.5,2.95444,1706.72522,9.84812,85.37041
177.6,2.95606,1705.64441,9.85352,85.31635
177.7,2.95781,1704.96045,9.85938,85.28214
177.8,2.95969,1704.58276,9.86562,85.26324
177.9,2.96139,1701.00146,9.87128,85.08411
178,2.96278,1697.42493,9.87593,84.9052
178.1,2.96439,1697.63171,9.88131,84.91555
178.2,2.96616,1697.40686,9.8872,84.9043
178.3,2.96805,1696.52417,9.89351,84.86015
178.4,2.96973,1692.95496,9.89909,84.68162
178.5,2.97109,1689.13977,9.90362,84.49078
178.6,2.97265,1689.16382,9.90883,84.49198
178.7,2.97439,1689.09302,9.91462,84.48844
178.8,2.97627,1688.79102,9.92088,84.47334
178.9,2.97807,1685.80579,9.92691,84.32401
179,2.9794,1680.62451,9.93134,84.06485
179.1,2.98092,1680.70471,9.93639,84.06886
179.2,2.98278,1682.27759,9.94259,84.14754
179.3,2.98471,1680.79858,9.94903,84.07355
179.4,2.98638,1676.61401,9.95459,83.86424
179.5,2.98769,1672.5387,9.95897,83.66039
179.6,2.98922,1672.54822,9.96405,83.66087
179.7,2.99109,1673.87207,9.97029,83.72709
179.8,2.99306,1672.84253,9.97688,83.67559
179.9,2.99474,1668.61475,9.98246,83.46412
180,2.996,1663.71838,9.98668,83.21921
180.1,2.99757,1664.67468,9.9919,83.26704
180.2,2.99941,1665.29138,9.99805,83.29788
180.3,3.00136,1664.62402,10.00455,83.2645
180.4,3.00313,1660.83167,10.01043,83.07481
180.5,3.0044,1655.85632,10.01468,82.82594
180.6,3.00593,1655.92883,10.01977,82.82957
180.7,3.00783,1657.5249,10.0261,82.90941
180.8,3.00982,1656.04688,10.03272,82.83547
180.9,3.01148,1651.67749,10.03826,82.61692
181,3.01272,1646.82568,10.04241,82.37423
181.1,3.01429,1647.72815,10.04762,82.41937
181.2,3.01625,1649.15063,10.05415,82.49052
181.3,3.01822,1647.24329,10.06074,82.39512
181.4,3.01968,1641.58179,10.06561,82.11193
181.5,3.02103,1638.69446,10.07011,81.96751
181.6,3.02257,1638.80432,10.07524,81.973
181.7,3.02447,1639.85376,10.08158,82.0255
181.8,3.02641,1638.31995,10.08802,81.94878
181.9,3.02804,1633.70764,10.09347,81.71806
182,3.02945,1630.24573,10.09817,81.5449
182.1,3.03094,1629.14734,10.10314,81.48996
182.2,3.03282,1630.63647,10.10941,81.56445
182.3,3.03474,1628.70679,10.11582,81.46793
182.4,3.03629,1623.6792,10.12095,81.21645
182.5,3.03774,1621.01758,10.12579,81.08331
182.6,3.03927,1620.06055,10.13089,81.03544
182.7,3.0411,1620.68005,10.13699,81.06643
182.8,3.04298,1618.7782,10.14325,80.9713
182.9,3.04464,1615.026,10.14881,80.78361
183,3.04622,1611.95752,10.15408,80.63013
183.1,3.04768,1609.30249,10.15893,80.49732
183.2,3.04953,1609.99878,10.1651,80.53215
183.3,3.05143,1607.21484,10.17143,80.3929
183.4,3.05289,1601.49451,10.17631,80.10677
183.5,3.05442,1599.24109,10.1814,79.99405
183.6,3.05602,1596.81995,10.18674,79.87295
183.7,3.05783,1595.62231,10.19276,79.81304
183.8,3.05967,1591.98804,10.19892,79.63125
183.9,3.06128,1586.59668,10.20426,79.36158
184,3.06292,1582.91663,10.20973,79.1775
184.1,3.06448,1577.91211,10.21492,78.92718
184.2,3.0662,1574.75598,10.22065,78.7693
184.3,3.06794,1568.84644,10.22646,78.47371
184.4,3.06949,1561.43225,10.23164,78.10285
184.5,3.07114,1555.40393,10.23714,77.80132
184.6,3.07276,1547.53467,10.24253,77.40769
184.7,3.07444,1540.771,10.24815,77.06937
184.8,3.07622,1533.3374,10.25407,76.69755
184.9,3.07785,1524.7738,10.25949,76.2692
185,3.07959,1517.77393,10.26531,75.91906
185.1,3.08118,1508.21802,10.2706,75.44108
185.2,3.08276,1500.62512,10.27588,75.06128
185.3,3.08452,1492.83533,10.28175,74.67163
185.4,3.08615,1482.198,10.28716,74.13956
185.5,3.08784,1472.38184,10.2928,73.64855
185.6,3.08952,1461.13928,10.29842,73.0862
185.7,3.09109,1450.24292,10.30362,72.54116
185.8,3.09273,1439.7522,10.30911,72.01641
185.9,3.09439,1427.30432,10.31462,71.39377
186,3.09622,1413.84131,10.32072,70.72035
186.1,3.09799,1394.16992,10.32663,69.73639
186.2,3.09951,1373.0614,10.3317,68.68054
186.3,3.10114,1354.02246,10.33712,67.72821
186.4,3.10286,1333.44312,10.34287,66.69883
186.5,3.10462,1309.1106,10.34872,65.48172
186.6,3.1064,1279.23755,10.35467,63.98747
186.7,3.10782,1254.47266,10.35938,62.74873
186.8,3.10941,1240.48096,10.36469,62.04887
186.9,3.11121,1228.03625,10.37071,61.42638
187,3.11304,1215.08777,10.37679,60.7787
187.1,3.11478,1202.99353,10.38261,60.17374
187.2,3.11615,1191.0614,10.38718,59.5769
187.3,3.11762,1183.40735,10.39205,59.19404
187.4,3.11943,1174.52661,10.3981,58.74983
187.5,3.12133,1162.74011,10.40443,58.16027
187.6,3.1231,1149.12122,10.41033,57.47905
187.7,3.12443,1136.53625,10.41478,56.84955
187.8,3.126,1127.7594,10.42,56.41053
187.9,3.12782,1116.16797,10.42606,55.83073
188,3.1297,1098.87524,10.43232,54.96575
188.1,3.13145,1078.59119,10.43815,53.95114
188.2,3.13274,1062.64026,10.44248,53.15327
188.3,3.13423,1051.33325,10.44745,52.5877
188.4,3.13609,1038.09717,10.45362,51.92563
188.5,3.13795,1022.14313,10.45983,51.12761
188.6,3.13969,1004.97656,10.46563,50.26893
188.7,3.14107,988.26495,10.47022,49.43302
188.8,3.14254,975.36536,10.47514,48.78778
188.9,3.14443,960.48145,10.48144,48.04329
189,3.14644,939.91089,10.48815,47.01435
189.1,3.14809,919.66174,10.49365,46.00149
189.2,3.14939,903.81635,10.49797,45.2089
189.3,3.15091,888.52112,10.50303,44.44383
189.4,3.15281,866.97882,10.50937,43.36629
189.5,3.15476,840.32587,10.51586,42.0331
189.6,3.15643,816.62915,10.52143,40.84779
189.7,3.15785,796.45282,10.52617,39.83857
189.8,3.1593,779.17316,10.53099,38.97425
189.9,3.16114,761.70123,10.53715,38.1003
190,3.16312,746.15631,10.54372,37.32274
190.1,3.16468,733.23016,10.54894,36.67618
190.2,3.16605,723.65576,10.5535,36.19727
190.3,3.16756,716.27997,10.55854,35.82833
190.4,3.16939,708.46277,10.56464,35.43731
190.5,3.17139,698.66974,10.57129,34.94746
190.6,3.17299,688.88257,10.57663,34.45791
190.7,3.17447,681.68811,10.58156,34.09805
190.8,3.17596,675.03571,10.58654,33.76529
190.9,3.17775,667.40125,10.59249,33.38342
191,3.17969,657.42853,10.59896,32.88458
191.1,3.18129,646.33771,10.6043,32.32981
191.2,3.1828,638.04449,10.60932,31.91499
191.3,3.18432,630.23517,10.6144,31.52437
191.4,3.18605,623.66162,10.62018,31.19556
191.5,3.18799,615.43903,10.62664,30.78426
191.6,3.18963,606.72754,10.63209,30.34851
191.7,3.19116,599.12402,10.63721,29.96819
191.8,3.19272,591.6344,10.64241,29.59356
191.9,3.19445,585.45581,10.64817,29.2845
192,3.19636,578.39154,10.65454,28.93115
192.1,3.19799,571.29822,10.65996,28.57634
192.2,3.19952,566.0509,10.66508,28.31387
192.3,3.20115,560.55609,10.67049,28.03902
192.4,3.2028,556.14191,10.67601,27.81822
192.5,3.20462,550.42322,10.68206,27.53217
192.6,3.20626,544.09027,10.68754,27.2154
192.7,3.20789,539.00793,10.69297,26.96118
192.8,3.20952,533.02917,10.69841,26.66212
192.9,3.21115,527.68872,10.70384,26.39499
193,3.21288,521.60022,10.7096,26.09045
193.1,3.2145,515.74487,10.71501,25.79756
193.2,3.21619,509.64978,10.72065,25.49269
193.3,3.21787,503.33636,10.72623,25.17689
193.4,3.2195,497.797,10.73168,24.89981
193.5,3.22121,491.98694,10.73738,24.60919
193.6,3.22287,486.20209,10.74291,24.31983
193.7,3.22453,481.35938,10.74842,24.0776
193.8,3.22627,476.09024,10.75424,23.81404
193.9,3.22779,471.30667,10.75931,23.57476
194,3.22943,467.35648,10.76476,23.37717
194.1,3.23112,463.03024,10.7704,23.16078
194.2,3.2329,458.86691,10.77634,22.95253
194.3,3.23463,454.14185,10.7821,22.71618
194.4,3.23616,449.26276,10.7872,22.47213
194.5,3.23775,445.70673,10.79252,22.29425
194.6,3.23944,441.71713,10.79813,22.09469
194.7,3.24125,437.20151,10.80418,21.86882
194.8,3.24299,431.41983,10.80997,21.57962
194.9,3.24452,426.28558,10.81508,21.32281
195,3.24604,422.18668,10.82012,21.11778
195.1,3.24775,418.12543,10.82585,20.91464
195.2,3.24962,413.54437,10.83207,20.68549
195.3,3.25142,408.44614,10.83806,20.43048
195.4,3.25282,403.56821,10.84275,20.18649
195.5,3.25435,400.39355,10.84782,20.02769
195.6,3.2561,396.51636,10.85365,19.83375
195.7,3.258,392.5174,10.86,19.63372
195.8,3.25973,387.99109,10.86578,19.40732
195.9,3.26119,383.29031,10.87064,19.17218
196,3.26264,380.8808,10.87547,19.05166
196.1,3.26438,377.47781,10.88125,18.88144
196.2,3.26628,373.63947,10.88761,18.68945
196.3,3.26807,368.8121,10.89358,18.44798
196.4,3.26953,364.40695,10.89843,18.22764
196.5,3.27095,361.49033,10.90317,18.08175
196.6,3.2727,357.87085,10.90899,17.9007
196.7,3.27464,353.6506,10.91548,17.68961
196.8,3.27637,348.80853,10.92122,17.4474
196.9,3.2778,344.83142,10.92601,17.24847
197,3.27922,341.89359,10.93073,17.10152
197.1,3.28101,338.80624,10.93671,16.94709
197.2,3.28295,334.46164,10.94316,16.72977
197.3,3.28472,329.65213,10.94907,16.4892
197.4,3.28615,325.86942,10.95382,16.29999
197.5,3.28755,323.22256,10.95852,16.16759
197.6,3.28937,320.01257,10.96455,16.00703
197.7,3.29134,316.06595,10.97114,15.80962
197.8,3.29308,312.07611,10.97695,15.61005
197.9,3.29451,308.31418,10.98172,15.42188
198,3.29592,305.69516,10.98641,15.29087
198.1,3.29773,302.24686,10.99243,15.11839
198.2,3.29971,297.67981,10.99905,14.88995
198.3,3.30144,291.91504,11.00479,14.60159
198.4,3.30287,287.77716,11.00955,14.39462
198.5,3.30433,283.40424,11.01443,14.17588
198.6,3.3061,278.40884,11.02034,13.92601
198.7,3.3081,272.20892,11.02702,13.61589
198.8,3.3097,266.29266,11.03234,13.31996
198.9,3.31113,262.42731,11.03711,13.12662
199,3.31265,258.58841,11.04218,12.93459
199.1,3.31441,254.84639,11.04803,12.74742
199.2,3.31637,250.30666,11.05458,12.52034
199.3,3.31805,245.16373,11.06016,12.26309
199.4,3.31955,241.0549,11.06516,12.05757
199.5,3.32107,236.48981,11.07024,11.82922
199.6,3.32274,232.36046,11.07579,11.62267
199.7,3.32465,227.34537,11.08216,11.37182
199.8,3.32629,222.34526,11.08764,11.12171
199.9,3.32776,218.39827,11.09253,10.92428
200,3.32934,214.66068,11.0978,10.73733
200.1,3.33105,211.15761,11.10351,10.56211
200.2,3.33297,206.65497,11.10989,10.33688
200.3,3.33456,202.27951,11.11521,10.11802
200.4,3.33616,198.58859,11.12052,9.9334
200.5,3.33782,194.21307,11.12606,9.71454
200.6,3.33946,190.36436,11.13154,9.52203
200.7,3.34132,186.12285,11.13772,9.30987
200.8,3.34289,181.45802,11.14296,9.07653
200.9,3.34445,177.51671,11.14817,8.87939
201,3.34618,173.18895,11.15393,8.66291
201.1,3.34781,168.91716,11.15936,8.44924
201.2,3.3496,164.47339,11.16535,8.22696
201.3,3.35124,159.95076,11.17081,8.00074
201.4,3.35284,155.9467,11.17613,7.80046
201.5,3.35455,151.18309,11.18182,7.56218
201.6,3.35614,146.84979,11.18715,7.34543
201.7,3.35782,142.66045,11.19274,7.13588
201.8,3.35951,137.42149,11.19836,6.87382
201.9,3.36114,132.65141,11.20381,6.63522
202,3.36287,128.55661,11.20957,6.4304
202.1,3.36448,124.46614,11.21494,6.2258
202.2,3.36618,120.83125,11.22059,6.04398
202.3,3.36783,117.47023,11.22609,5.87586
202.4,3.36947,114.37878,11.23156,5.72123
202.5,3.37124,110.76867,11.23745,5.54065
202.6,3.37283,107.43661,11.24278,5.37398
202.7,3.37442,104.67301,11.24806,5.23574
202.8,3.37607,102.06741,11.25356,5.10541
202.9,3.37771,98.7244,11.25903,4.93819
203,3.37949,94.9879,11.26498,4.7513
203.1,3.38107,91.76786,11.27025,4.59023
203.2,3.38268,88.8885,11.27558,4.4462
203.3,3.3844,86.03067,11.28133,4.30325
203.4,3.38618,83.2186,11.28725,4.16259
203.5,3.38802,80.5702,11.29342,4.03012
203.6,3.38961,77.55015,11.29871,3.87906
203.7,3.39106,75.52657,11.30352,3.77784
203.8,3.39275,73.43263,11.30918,3.6731
203.9,3.39459,70.54092,11.31531,3.52846
204,3.39637,67.36437,11.32125,3.36957
204.1,3.3979,64.50889,11.32632,3.22674
204.2,3.39939,62.06355,11.33131,3.10442
204.3,3.40112,58.81538,11.33707,2.94195
204.4,3.40294,54.50666,11.34314,2.72642
204.5,3.40475,50.00064,11.34915,2.50103
204.6,3.40623,45.9402,11.35411,2.29793
204.7,3.40764,43.33512,11.3588,2.16762
204.8,3.40939,40.24192,11.36465,2.0129
204.9,3.41137,36.60659,11.37124,1.83106
205,3.41308,33.36085,11.37694,1.66871
205.1,3.41458,30.23964,11.38193,1.51259
205.2,3.416,26.54466,11.38668,1.32776
205.3,3.41772,24.65789,11.39239,1.23339
205.4,3.41963,22.4771,11.39875,1.1243
205.5,3.42143,20.2848,11.40476,1.01465
205.6,3.42286,18.85204,11.40952,0.94298
205.7,3.42424,17.32209,11.41413,0.86645
205.8,3.42601,15.82218,11.42004,0.79143
205.9,3.42792,13.36623,11.42641,0.66858
206,3.42967,11.64334,11.43225,0.5824
206.1,3.43121,9.80233,11.43736,0.49031
206.2,3.4326,8.18678,11.44201,0.4095
206.3,3.43435,5.76864,11.44784,0.28855
206.4,3.43633,2.89806,11.45444,0.14496
206.5,3.43815,0.57155,11.46052,0.02859
206.6,3.43957,-1.82995,11.46522,-0.09153
206.7,3.44096,-3.69952,11.46986,-0.18505
206.8,3.44273,-6.1153,11.47576,-0.30589
206.9,3.44465,-9.67808,11.48215,-0.4841
207,3.44643,-35.61914,11.4881,-1.78167
207.1,3.44786,-35.76713,11.49288,-1.78907
207.2,3.4493,-36.44462,11.49767,-1.82296
207.3,3.45106,-37.56996,11.50353,-1.87925
207.4,3.45299,-38.92854,11.50996,-1.94721
207.5,3.4547,-40.82121,11.51568,-2.04188
207.6,3.45619,-42.01756,11.52062,-2.10172
207.7,3.45768,-42.77642,11.5256,-2.13968
207.8,3.45939,-43.55753,11.53131,-2.17875
207.9,3.46134,-44.25884,11.53781,-2.21383
208,3.46301,-44.75236,11.54338,-2.23851
208.1,3.46449,-45.28137,11.5483,-2.26497
208.2,3.46599,-45.72594,11.55329,-2.28721
208.3,3.46766,-46.14983,11.55888,-2.30841
208.4,3.46957,-46.67125,11.56523,-2.3345
208.5,3.47126,-47.15023,11.57088,-2.35845
208.6,3.47276,-47.76324,11.57587,-2.38912
208.7,3.47438,-48.20037,11.58125,-2.41098
208.8,3.476,-48.96614,11.58667,-2.44929
208.9,3.47788,-49.37598,11.59292,-2.46979
209,3.4796,-49.77667,11.59868,-2.48983
209.1,3.48111,-50.09822,11.6037,-2.50591
209.2,3.48277,-50.35825,11.60923,-2.51892
209.3,3.4844,-50.51172,11.61465,-2.5266
209.4,3.48628,-50.60705,11.62094,-2.53137
209.5,3.48798,-50.88227,11.6266,-2.54513
209.6,3.4895,-50.93601,11.63168,-2.54782
209.7,3.49117,-51.15109,11.63722,-2.55858
209.8,3.49278,-51.04813,11.64261,-2.55343
209.9,3.49465,-51.33802,11.64883,-2.56793
210,3.4963,-51.54206,11.65434,-2.57813
210.1,3.49785,-51.41636,11.65951,-2.57185
210.2,3.49955,-51.88733,11.66518,-2.5954
210.3,3.50113,-51.98442,11.67044,-2.60026
210.4,3.50287,-51.91813,11.67623,-2.59695
210.5,3.50459,-51.78703,11.68197,-2.59039
210.6,3.50622,-52.0458,11.68739,-2.60333
210.7,3.50793,-52.18565,11.69309,-2.61033
210.8,3.50949,-51.79528,11.69831,-2.5908
210.9,3.51122,-51.9636,11.70408,-2.59922
211,3.51289,-52.15725,11.70964,-2.60891
211.1,3.51454,-51.96629,11.71513,-2.59935
211.2,3.51623,-52.00279,11.72075,-2.60118
211.3,3.51779,-51.92647,11.72597,-2.59736
211.4,3.51944,-51.96197,11.73148,-2.59914
211.5,3.52109,-51.87012,11.73697,-2.59454
211.6,3.52284,-52.04328,11.74279,-2.60321
211.7,3.52456,-52.07713,11.74853,-2.6049
211.8,3.52613,-51.96762,11.75377,-2.59942
211.9,3.52773,-51.87459,11.75911,-2.59477
212,3.52947,-52.03624,11.76489,-2.60285
212.1,3.53122,-51.94514,11.77072,-2.5983
212.2,3.533,-51.93747,11.77667,-2.59791
212.3,3.53455,-52.19134,11.78183,-2.61061
212.4,3.53606,-51.94784,11.78687,-2.59843
212.5,3.53777,-51.96064,11.79256,-2.59907
212.6,3.53952,-51.97705,11.7984,-2.59989
212.7,3.54139,-51.95919,11.80464,-2.599
212.8,3.5429,-52.02716,11.80968,-2.6024
212.9,3.54435,-51.93399,11.81449,-2.59774
213,3.54611,-51.93336,11.82036,-2.59771
213.1,3.54788,-51.99032,11.82627,-2.60056
213.2,3.54964,-51.92496,11.83214,-2.59729
213.3,3.55125,-51.91755,11.8375,-2.59692
213.4,3.55266,-51.7827,11.8422,-2.59017
213.5,3.55437,-51.88615,11.84791,-2.59535
213.6,3.55625,-51.96308,11.85416,-2.59919
213.7,3.55806,-52.00143,11.86019,-2.60111
213.8,3.55954,-52.03104,11.86512,-2.60259
213.9,3.56095,-52.1045,11.86982,-2.60627
214,3.56268,-52.16996,11.8756,-2.60954
214.1,3.5646,-51.93036,11.88202,-2.59756
214.2,3.56636,-51.89299,11.88787,-2.59569
214.3,3.56784,-52.00162,11.89281,-2.60112
214.4,3.56921,-51.96159,11.89736,-2.59912
214.5,3.57095,-51.83655,11.90318,-2.59286
214.6,3.57289,-52.01981,11.90963,-2.60203
214.7,3.57474,-51.98462,11.91582,-2.60027
214.8,3.5762,-52.08079,11.92066,-2.60508
214.9,3.57757,-51.93715,11.92522,-2.5979
215,3.57935,-51.9884,11.93115,-2.60046
215.1,3.58127,-51.75769,11.93758,-2.58892
215.2,3.5831,-51.8558,11.94367,-2.59383
215.3,3.58454,-51.8756,11.94847,-2.59482
215.4,3.58593,-52.00917,11.95311,-2.6015
215.5,3.5877,-51.92096,11.95899,-2.59709
215.6,3.58968,-51.84324,11.9656,-2.5932
215.7,3.5915,-52.04483,11.97168,-2.60328
215.8,3.59294,-51.82759,11.97647,-2.59242
215.9,3.59432,-51.77414,11.98106,-2.58974
215.942,3.595,-51.90522,11.98334,-2.5963
